customer_id,customer_age,customer_segment,account_age_days,country,city,account_created_at
CUST_00001,39,PREMIUM,875,IN,Surat,2023-10-08T16:59:57
CUST_00002,32,SALARIED,1038,IN,Pune,2023-04-28T01:21:50
CUST_00003,41,SALARIED,574,IN,Surat,2024-08-04T18:28:54
CUST_00004,50,RETAIL,187,IN,Delhi,2025-08-26T22:37:18
CUST_00005,31,STUDENT,284,IN,Pune,2025-05-21T19:28:45
CUST_00006,31,SME,776,IN,Mumbai,2024-01-15T09:13:47
CUST_00007,51,STUDENT,798,IN,Mumbai,2023-12-24T00:51:43
CUST_00008,42,PREMIUM,961,IN,Ahmedabad,2023-07-14T06:41:25
CUST_00009,28,RETAIL,447,IN,Ahmedabad,2024-12-09T06:37:39
CUST_00010,39,RETAIL,1200,IN,Delhi,2022-11-17T18:55:26
CUST_00011,28,RETAIL,604,IN,Mumbai,2024-07-05T06:36:30
CUST_00012,28,SALARIED,1101,IN,Mumbai,2023-02-24T11:13:48
CUST_00013,36,STUDENT,810,IN,Bengaluru,2023-12-12T04:44:39
CUST_00014,18,STUDENT,1168,IN,Ahmedabad,2022-12-19T11:47:26
CUST_00015,18,SALARIED,380,IN,Kolkata,2025-02-14T04:41:39
CUST_00016,27,STUDENT,291,IN,Bengaluru,2025-05-14T20:26:17
CUST_00017,22,RETAIL,330,IN,Hyderabad,2025-04-05T18:04:57
CUST_00018,37,RETAIL,457,IN,Kolkata,2024-11-29T20:57:23
CUST_00019,24,STUDENT,1141,IN,Chennai,2023-01-15T04:15:22
CUST_00020,18,RETAIL,517,IN,Mumbai,2024-09-30T04:14:55
CUST_00021,50,SALARIED,492,IN,Bengaluru,2024-10-25T03:28:00
CUST_00022,31,PREMIUM,189,IN,Kolkata,2025-08-24T12:24:12
CUST_00023,34,SALARIED,184,IN,Mumbai,2025-08-29T04:42:26
CUST_00024,18,STUDENT,687,IN,Bengaluru,2024-04-13T21:46:26
CUST_00025,28,RETAIL,538,IN,Hyderabad,2024-09-09T06:35:47
CUST_00026,35,PREMIUM,574,IN,Jaipur,2024-08-04T05:19:48
CUST_00027,21,STUDENT,915,IN,Surat,2023-08-29T00:53:10
CUST_00028,38,RETAIL,1004,IN,Bengaluru,2023-06-01T01:17:32
CUST_00029,27,RETAIL,434,IN,Pune,2024-12-22T06:34:27
CUST_00030,30,STUDENT,1158,IN,Pune,2022-12-29T04:31:00
CUST_00031,27,SALARIED,1191,IN,Kolkata,2022-11-26T13:05:36
CUST_00032,54,SALARIED,946,IN,Hyderabad,2023-07-29T00:39:21
CUST_00033,33,PREMIUM,503,IN,Chennai,2024-10-14T11:10:24
CUST_00034,22,RETAIL,991,IN,Mumbai,2023-06-14T09:34:59
CUST_00035,43,SME,98,IN,Chennai,2025-11-23T07:51:03
CUST_00036,20,RETAIL,519,IN,Mumbai,2024-09-28T17:05:39
CUST_00037,36,SALARIED,630,IN,Surat,2024-06-09T06:27:24
CUST_00038,18,SALARIED,381,IN,Pune,2025-02-13T20:57:30
CUST_00039,19,RETAIL,607,IN,Hyderabad,2024-07-02T12:03:22
CUST_00040,36,RETAIL,680,IN,Surat,2024-04-20T21:23:34
CUST_00041,42,SALARIED,223,IN,Ahmedabad,2025-07-21T00:39:09
CUST_00042,35,RETAIL,260,IN,Mumbai,2025-06-14T04:18:40
CUST_00043,32,STUDENT,846,IN,Pune,2023-11-06T21:10:56
CUST_00044,30,RETAIL,954,IN,Bengaluru,2023-07-21T10:00:04
CUST_00045,18,SALARIED,529,IN,Surat,2024-09-18T00:18:05
CUST_00046,26,SALARIED,848,IN,Mumbai,2023-11-04T22:40:26
CUST_00047,28,RETAIL,371,IN,Hyderabad,2025-02-23T13:27:15
CUST_00048,45,RETAIL,869,IN,Surat,2023-10-14T09:11:21
CUST_00049,37,PREMIUM,519,IN,Kolkata,2024-09-28T10:41:09
CUST_00050,18,RETAIL,753,IN,Mumbai,2024-02-07T21:29:23
CUST_00051,37,PREMIUM,602,IN,Kolkata,2024-07-07T21:34:27
CUST_00052,29,SALARIED,332,IN,Hyderabad,2025-04-03T19:29:24
CUST_00053,26,PREMIUM,466,IN,Jaipur,2024-11-20T06:20:12
CUST_00054,40,RETAIL,211,IN,Pune,2025-08-02T15:10:32
CUST_00055,45,STUDENT,248,IN,Kolkata,2025-06-26T20:17:33
CUST_00056,44,RETAIL,455,IN,Mumbai,2024-12-01T13:37:21
CUST_00057,24,SALARIED,411,IN,Ahmedabad,2025-01-14T12:20:07
CUST_00058,30,STUDENT,967,IN,Hyderabad,2023-07-08T22:00:07
CUST_00059,37,RETAIL,830,IN,Bengaluru,2023-11-22T19:11:13
CUST_00060,44,RETAIL,176,IN,Delhi,2025-09-06T16:20:00
CUST_00061,28,SALARIED,654,IN,Bengaluru,2024-05-16T23:38:15
CUST_00062,31,RETAIL,1029,IN,Jaipur,2023-05-07T23:38:46
CUST_00063,21,RETAIL,1184,IN,Jaipur,2022-12-03T07:11:43
CUST_00064,20,PREMIUM,354,IN,Mumbai,2025-03-12T01:15:17
CUST_00065,42,RETAIL,1143,IN,Mumbai,2023-01-13T22:43:49
CUST_00066,48,RETAIL,620,IN,Mumbai,2024-06-19T22:30:18
CUST_00067,33,RETAIL,620,IN,Pune,2024-06-19T02:05:01
CUST_00068,45,SALARIED,104,IN,Kolkata,2025-11-17T14:04:03
CUST_00069,37,RETAIL,844,IN,Pune,2023-11-08T07:14:53
CUST_00070,26,PREMIUM,1153,IN,Jaipur,2023-01-03T21:48:47
CUST_00071,37,SME,109,IN,Jaipur,2025-11-12T22:44:00
CUST_00072,50,RETAIL,1068,IN,Mumbai,2023-03-29T11:12:49
CUST_00073,33,RETAIL,785,IN,Hyderabad,2024-01-06T12:19:40
CUST_00074,51,SME,1091,IN,Chennai,2023-03-06T15:08:56
CUST_00075,18,SALARIED,125,IN,Delhi,2025-10-27T06:42:45
CUST_00076,43,RETAIL,869,IN,Kolkata,2023-10-14T02:51:54
CUST_00077,34,PREMIUM,530,IN,Delhi,2024-09-17T10:44:23
CUST_00078,30,RETAIL,704,IN,Jaipur,2024-03-27T04:38:31
CUST_00079,35,RETAIL,348,IN,Hyderabad,2025-03-18T05:25:16
CUST_00080,18,SALARIED,697,IN,Jaipur,2024-04-03T01:14:02
CUST_00081,31,SALARIED,945,IN,Surat,2023-07-30T19:18:00
CUST_00082,37,SALARIED,715,IN,Bengaluru,2024-03-16T21:24:25
CUST_00083,50,RETAIL,363,IN,Pune,2025-03-03T00:58:11
CUST_00084,28,SALARIED,912,IN,Chennai,2023-09-01T10:40:31
CUST_00085,25,RETAIL,449,IN,Mumbai,2024-12-07T20:51:48
CUST_00086,28,SALARIED,611,IN,Hyderabad,2024-06-28T04:23:20
CUST_00087,44,PREMIUM,537,IN,Bengaluru,2024-09-10T02:58:37
CUST_00088,37,STUDENT,1041,IN,Surat,2023-04-25T19:27:05
CUST_00089,28,PREMIUM,830,IN,Ahmedabad,2023-11-22T18:05:35
CUST_00090,39,PREMIUM,400,IN,Kolkata,2025-01-25T17:45:57
CUST_00091,35,SALARIED,95,IN,Hyderabad,2025-11-26T15:33:45
CUST_00092,44,SALARIED,200,IN,Surat,2025-08-13T18:00:31
CUST_00093,26,PREMIUM,730,IN,Kolkata,2024-03-01T09:03:44
CUST_00094,30,RETAIL,150,IN,Kolkata,2025-10-02T04:12:07
CUST_00095,29,STUDENT,872,IN,Surat,2023-10-11T04:12:23
CUST_00096,18,PREMIUM,143,IN,Ahmedabad,2025-10-09T07:53:31
CUST_00097,37,SALARIED,151,IN,Kolkata,2025-10-01T16:26:25
CUST_00098,36,SME,145,IN,Mumbai,2025-10-07T06:35:26
CUST_00099,34,RETAIL,965,IN,Chennai,2023-07-10T11:03:40
CUST_00100,31,PREMIUM,930,IN,Mumbai,2023-08-14T14:20:01
CUST_00101,18,STUDENT,356,IN,Ahmedabad,2025-03-10T09:06:18
CUST_00102,29,RETAIL,1090,IN,Surat,2023-03-07T20:48:10
CUST_00103,30,SALARIED,1184,IN,Pune,2022-12-03T19:34:33
CUST_00104,25,PREMIUM,431,IN,Hyderabad,2024-12-25T09:22:02
CUST_00105,32,SALARIED,249,IN,Delhi,2025-06-25T15:39:15
CUST_00106,38,STUDENT,318,IN,Ahmedabad,2025-04-17T21:52:14
CUST_00107,54,STUDENT,239,IN,Jaipur,2025-07-05T07:14:35
CUST_00108,35,STUDENT,392,IN,Mumbai,2025-02-02T11:24:35
CUST_00109,36,SALARIED,751,IN,Delhi,2024-02-09T05:04:17
CUST_00110,33,RETAIL,361,IN,Mumbai,2025-03-05T18:10:14
CUST_00111,18,RETAIL,698,IN,Chennai,2024-04-02T00:10:31
CUST_00112,33,STUDENT,305,IN,Surat,2025-04-30T19:47:59
CUST_00113,34,SALARIED,90,IN,Ahmedabad,2025-12-01T09:28:05
CUST_00114,61,PREMIUM,76,IN,Hyderabad,2025-12-15T04:03:28
CUST_00115,31,RETAIL,1039,IN,Bengaluru,2023-04-27T09:33:31
CUST_00116,37,STUDENT,78,IN,Chennai,2025-12-13T16:03:24
CUST_00117,33,STUDENT,490,IN,Mumbai,2024-10-27T22:48:50
CUST_00118,21,STUDENT,140,IN,Surat,2025-10-12T19:05:57
CUST_00119,46,SALARIED,676,IN,Mumbai,2024-04-24T13:01:54
CUST_00120,42,RETAIL,430,IN,Surat,2024-12-26T18:16:41
CUST_00121,42,STUDENT,428,IN,Pune,2024-12-28T09:12:22
CUST_00122,23,SALARIED,255,IN,Kolkata,2025-06-19T14:39:36
CUST_00123,49,SALARIED,940,IN,Ahmedabad,2023-08-04T06:55:41
CUST_00124,18,RETAIL,627,IN,Jaipur,2024-06-12T13:26:33
CUST_00125,40,RETAIL,493,IN,Surat,2024-10-24T04:56:53
CUST_00126,58,STUDENT,1148,IN,Surat,2023-01-08T21:29:13
CUST_00127,23,SALARIED,653,IN,Pune,2024-05-17T10:21:05
CUST_00128,27,RETAIL,789,IN,Ahmedabad,2024-01-02T19:20:23
CUST_00129,35,PREMIUM,1084,IN,Surat,2023-03-13T08:08:48
CUST_00130,28,RETAIL,659,IN,Mumbai,2024-05-11T17:59:52
CUST_00131,18,PREMIUM,306,IN,Surat,2025-04-29T00:05:46
CUST_00132,34,SME,912,IN,Jaipur,2023-09-01T22:38:37
CUST_00133,22,SALARIED,499,IN,Chennai,2024-10-18T23:19:47
CUST_00134,39,RETAIL,203,IN,Jaipur,2025-08-10T14:40:27
CUST_00135,23,RETAIL,77,IN,Pune,2025-12-14T20:16:38
CUST_00136,51,RETAIL,124,IN,Pune,2025-10-28T18:47:38
CUST_00137,25,SALARIED,1046,IN,Delhi,2023-04-20T08:08:57
CUST_00138,30,PREMIUM,1008,IN,Ahmedabad,2023-05-28T06:02:38
CUST_00139,42,SALARIED,912,IN,Jaipur,2023-09-01T00:56:06
CUST_00140,20,RETAIL,711,IN,Hyderabad,2024-03-20T06:25:58
CUST_00141,36,PREMIUM,744,IN,Chennai,2024-02-16T12:55:50
CUST_00142,48,SALARIED,759,IN,Delhi,2024-02-01T11:19:25
CUST_00143,18,PREMIUM,862,IN,Chennai,2023-10-21T18:21:52
CUST_00144,36,STUDENT,709,IN,Kolkata,2024-03-22T01:57:42
CUST_00145,36,RETAIL,551,IN,Chennai,2024-08-27T12:31:06
CUST_00146,42,RETAIL,684,IN,Mumbai,2024-04-16T18:52:36
CUST_00147,20,SALARIED,254,IN,Ahmedabad,2025-06-20T09:27:58
CUST_00148,19,SALARIED,380,IN,Ahmedabad,2025-02-14T17:38:00
CUST_00149,39,STUDENT,1137,IN,Delhi,2023-01-19T14:10:39
CUST_00150,37,SALARIED,266,IN,Hyderabad,2025-06-08T07:16:51
CUST_00151,36,STUDENT,1005,IN,Jaipur,2023-05-31T11:14:04
CUST_00152,37,RETAIL,701,IN,Surat,2024-03-30T22:16:05
CUST_00153,26,SALARIED,747,IN,Bengaluru,2024-02-13T09:03:57
CUST_00154,36,PREMIUM,704,IN,Chennai,2024-03-27T23:23:11
CUST_00155,37,STUDENT,494,IN,Chennai,2024-10-23T13:47:47
CUST_00156,26,RETAIL,718,IN,Chennai,2024-03-13T09:17:52
CUST_00157,54,RETAIL,625,IN,Jaipur,2024-06-14T20:59:20
CUST_00158,39,PREMIUM,488,IN,Pune,2024-10-29T06:37:24
CUST_00159,20,RETAIL,645,IN,Bengaluru,2024-05-25T05:44:49
CUST_00160,41,RETAIL,758,IN,Delhi,2024-02-02T06:31:56
CUST_00161,23,RETAIL,168,IN,Bengaluru,2025-09-14T20:35:56
CUST_00162,42,RETAIL,431,IN,Surat,2024-12-25T01:21:02
CUST_00163,46,STUDENT,978,IN,Pune,2023-06-27T04:37:40
CUST_00164,24,SALARIED,1157,IN,Ahmedabad,2022-12-30T21:00:11
CUST_00165,44,PREMIUM,255,IN,Ahmedabad,2025-06-19T01:30:53
CUST_00166,38,RETAIL,1018,IN,Delhi,2023-05-18T08:45:45
CUST_00167,43,SALARIED,593,IN,Pune,2024-07-16T12:34:48
CUST_00168,54,SALARIED,730,IN,Bengaluru,2024-03-01T09:28:58
CUST_00169,31,PREMIUM,784,IN,Delhi,2024-01-07T08:30:05
CUST_00170,25,RETAIL,778,IN,Jaipur,2024-01-13T04:23:51
CUST_00171,24,RETAIL,284,IN,Bengaluru,2025-05-21T13:24:18
CUST_00172,25,SALARIED,1156,IN,Kolkata,2022-12-31T09:34:22
CUST_00173,33,RETAIL,564,IN,Kolkata,2024-08-14T06:49:29
CUST_00174,37,RETAIL,491,IN,Kolkata,2024-10-26T01:22:32
CUST_00175,37,PREMIUM,765,IN,Delhi,2024-01-26T06:15:44
CUST_00176,43,STUDENT,224,IN,Surat,2025-07-20T00:00:14
CUST_00177,34,SALARIED,299,IN,Pune,2025-05-06T05:21:30
CUST_00178,49,PREMIUM,976,IN,Bengaluru,2023-06-29T18:40:34
CUST_00179,31,PREMIUM,841,IN,Mumbai,2023-11-11T13:28:18
CUST_00180,63,RETAIL,349,IN,Mumbai,2025-03-17T05:02:11
CUST_00181,40,SALARIED,370,IN,Kolkata,2025-02-24T09:25:41
CUST_00182,24,STUDENT,980,IN,Pune,2023-06-25T17:46:16
CUST_00183,22,RETAIL,688,IN,Pune,2024-04-12T10:14:01
CUST_00184,39,SME,81,IN,Delhi,2025-12-10T04:27:34
CUST_00185,31,SALARIED,192,IN,Mumbai,2025-08-21T12:02:24
CUST_00186,41,RETAIL,800,IN,Mumbai,2023-12-22T20:04:41
CUST_00187,39,RETAIL,872,IN,Kolkata,2023-10-11T03:39:14
CUST_00188,33,RETAIL,956,IN,Delhi,2023-07-19T06:46:17
CUST_00189,24,PREMIUM,450,IN,Pune,2024-12-06T06:35:06
CUST_00190,18,SALARIED,380,IN,Delhi,2025-02-14T14:04:17
CUST_00191,29,RETAIL,211,IN,Ahmedabad,2025-08-02T03:58:50
CUST_00192,43,STUDENT,343,IN,Kolkata,2025-03-23T21:51:18
CUST_00193,36,SALARIED,936,IN,Jaipur,2023-08-08T04:48:30
CUST_00194,20,RETAIL,986,IN,Delhi,2023-06-19T11:37:45
CUST_00195,35,RETAIL,80,IN,Hyderabad,2025-12-11T05:28:05
CUST_00196,38,STUDENT,616,IN,Surat,2024-06-23T10:00:25
CUST_00197,24,RETAIL,142,IN,Pune,2025-10-10T05:29:14
CUST_00198,35,RETAIL,1051,IN,Jaipur,2023-04-15T01:54:50
CUST_00199,34,SME,637,IN,Jaipur,2024-06-02T09:26:54
CUST_00200,21,SALARIED,246,IN,Bengaluru,2025-06-28T16:29:19
CUST_00201,37,STUDENT,1169,IN,Mumbai,2022-12-18T05:40:20
CUST_00202,40,SALARIED,1160,IN,Jaipur,2022-12-27T23:29:30
CUST_00203,45,SALARIED,743,IN,Chennai,2024-02-17T10:37:08
CUST_00204,45,RETAIL,137,IN,Chennai,2025-10-15T01:00:21
CUST_00205,18,STUDENT,598,IN,Surat,2024-07-11T22:19:29
CUST_00206,23,RETAIL,170,IN,Surat,2025-09-12T02:41:08
CUST_00207,39,RETAIL,1057,IN,Bengaluru,2023-04-09T21:51:27
CUST_00208,39,SALARIED,634,IN,Chennai,2024-06-05T15:51:20
CUST_00209,39,RETAIL,591,IN,Surat,2024-07-18T23:12:52
CUST_00210,75,RETAIL,374,IN,Delhi,2025-02-20T02:31:36
CUST_00211,40,RETAIL,548,IN,Jaipur,2024-08-30T08:48:08
CUST_00212,46,SALARIED,767,IN,Delhi,2024-01-24T21:50:21
CUST_00213,44,SALARIED,910,IN,Ahmedabad,2023-09-03T11:44:17
CUST_00214,41,STUDENT,407,IN,Pune,2025-01-18T17:23:13
CUST_00215,30,RETAIL,606,IN,Ahmedabad,2024-07-03T20:56:49
CUST_00216,42,RETAIL,682,IN,Jaipur,2024-04-18T08:12:11
CUST_00217,25,RETAIL,863,IN,Jaipur,2023-10-20T08:43:50
CUST_00218,31,SALARIED,89,IN,Ahmedabad,2025-12-02T14:00:08
CUST_00219,28,RETAIL,711,IN,Bengaluru,2024-03-20T07:16:57
CUST_00220,34,SALARIED,789,IN,Chennai,2024-01-02T10:20:01
CUST_00221,59,RETAIL,611,IN,Surat,2024-06-28T20:43:18
CUST_00222,18,RETAIL,560,IN,Hyderabad,2024-08-18T00:16:22
CUST_00223,41,PREMIUM,433,IN,Mumbai,2024-12-23T13:24:59
CUST_00224,18,SALARIED,89,IN,Bengaluru,2025-12-02T10:53:26
CUST_00225,28,STUDENT,784,IN,Chennai,2024-01-07T16:13:41
CUST_00226,45,RETAIL,113,IN,Surat,2025-11-08T04:54:56
CUST_00227,34,STUDENT,509,IN,Bengaluru,2024-10-08T04:19:52
CUST_00228,22,RETAIL,331,IN,Surat,2025-04-04T11:17:11
CUST_00229,26,SALARIED,443,IN,Chennai,2024-12-13T20:15:48
CUST_00230,41,RETAIL,220,IN,Chennai,2025-07-24T03:30:00
CUST_00231,25,SALARIED,727,IN,Bengaluru,2024-03-04T15:49:10
CUST_00232,36,RETAIL,192,IN,Mumbai,2025-08-21T11:35:38
CUST_00233,34,RETAIL,607,IN,Ahmedabad,2024-07-02T18:31:55
CUST_00234,26,SME,475,IN,Ahmedabad,2024-11-11T04:34:48
CUST_00235,57,RETAIL,1172,IN,Bengaluru,2022-12-15T10:46:20
CUST_00236,40,SALARIED,595,IN,Bengaluru,2024-07-14T20:57:55
CUST_00237,18,PREMIUM,578,IN,Ahmedabad,2024-07-31T09:58:02
CUST_00238,36,RETAIL,66,IN,Chennai,2025-12-25T22:17:35
CUST_00239,26,RETAIL,740,IN,Jaipur,2024-02-20T11:23:59
CUST_00240,43,STUDENT,1069,IN,Bengaluru,2023-03-28T08:32:34
CUST_00241,25,PREMIUM,71,IN,Ahmedabad,2025-12-20T11:15:07
CUST_00242,32,RETAIL,1161,IN,Chennai,2022-12-26T12:38:16
CUST_00243,39,RETAIL,250,IN,Pune,2025-06-24T12:25:05
CUST_00244,43,RETAIL,1006,IN,Delhi,2023-05-30T14:18:47
CUST_00245,20,PREMIUM,851,IN,Kolkata,2023-11-01T02:47:40
CUST_00246,30,SALARIED,800,IN,Ahmedabad,2023-12-22T08:54:03
CUST_00247,28,STUDENT,351,IN,Surat,2025-03-15T22:47:58
CUST_00248,26,RETAIL,861,IN,Chennai,2023-10-22T21:09:25
CUST_00249,53,PREMIUM,985,IN,Mumbai,2023-06-20T23:57:38
CUST_00250,38,RETAIL,152,IN,Jaipur,2025-09-30T11:52:46
CUST_00251,20,PREMIUM,1163,IN,Hyderabad,2022-12-24T19:12:22
CUST_00252,44,SALARIED,140,IN,Mumbai,2025-10-12T00:50:28
CUST_00253,57,PREMIUM,158,IN,Delhi,2025-09-24T16:15:18
CUST_00254,45,RETAIL,167,IN,Bengaluru,2025-09-15T14:07:09
CUST_00255,18,PREMIUM,414,IN,Bengaluru,2025-01-11T05:55:07
CUST_00256,28,RETAIL,516,IN,Kolkata,2024-10-01T21:08:47
CUST_00257,47,RETAIL,888,IN,Surat,2023-09-25T13:52:16
CUST_00258,26,PREMIUM,723,IN,Surat,2024-03-08T17:11:57
CUST_00259,38,RETAIL,194,IN,Kolkata,2025-08-19T20:42:50
CUST_00260,42,RETAIL,822,IN,Hyderabad,2023-11-30T06:49:31
CUST_00261,23,SALARIED,148,IN,Surat,2025-10-04T19:53:09
CUST_00262,33,RETAIL,388,IN,Bengaluru,2025-02-06T23:03:28
CUST_00263,18,RETAIL,432,IN,Surat,2024-12-24T21:14:18
CUST_00264,22,SALARIED,917,IN,Ahmedabad,2023-08-27T01:08:09
CUST_00265,31,STUDENT,487,IN,Jaipur,2024-10-30T19:19:42
CUST_00266,20,PREMIUM,554,IN,Mumbai,2024-08-24T18:20:15
CUST_00267,51,PREMIUM,1088,IN,Chennai,2023-03-09T04:54:19
CUST_00268,18,RETAIL,74,IN,Bengaluru,2025-12-17T06:44:47
CUST_00269,29,SME,260,IN,Jaipur,2025-06-14T04:36:04
CUST_00270,35,PREMIUM,1015,IN,Chennai,2023-05-21T03:17:46
CUST_00271,49,RETAIL,295,IN,Ahmedabad,2025-05-10T19:16:05
CUST_00272,18,PREMIUM,392,IN,Mumbai,2025-02-02T02:00:57
CUST_00273,46,STUDENT,648,IN,Pune,2024-05-22T17:32:43
CUST_00274,34,STUDENT,993,IN,Mumbai,2023-06-12T22:53:12
CUST_00275,23,SALARIED,425,IN,Ahmedabad,2024-12-31T18:09:58
CUST_00276,39,PREMIUM,210,IN,Surat,2025-08-03T16:13:31
CUST_00277,36,PREMIUM,923,IN,Pune,2023-08-21T17:12:16
CUST_00278,27,RETAIL,290,IN,Hyderabad,2025-05-15T13:45:53
CUST_00279,34,STUDENT,474,IN,Bengaluru,2024-11-12T11:02:45
CUST_00280,29,PREMIUM,1057,IN,Delhi,2023-04-09T22:03:32
CUST_00281,35,RETAIL,996,IN,Delhi,2023-06-09T18:35:36
CUST_00282,41,PREMIUM,462,IN,Hyderabad,2024-11-24T03:37:42
CUST_00283,51,RETAIL,130,IN,Chennai,2025-10-22T01:23:56
CUST_00284,20,RETAIL,1018,IN,Pune,2023-05-18T09:33:49
CUST_00285,57,RETAIL,669,IN,Surat,2024-05-01T04:49:09
CUST_00286,18,SALARIED,1197,IN,Jaipur,2022-11-20T16:54:33
CUST_00287,32,PREMIUM,508,IN,Ahmedabad,2024-10-09T05:29:06
CUST_00288,40,RETAIL,941,IN,Hyderabad,2023-08-03T00:04:44
CUST_00289,37,RETAIL,520,IN,Surat,2024-09-27T05:50:01
CUST_00290,27,SALARIED,920,IN,Jaipur,2023-08-24T22:57:29
CUST_00291,31,RETAIL,1152,IN,Bengaluru,2023-01-04T11:29:08
CUST_00292,28,PREMIUM,557,IN,Mumbai,2024-08-21T21:24:11
CUST_00293,27,STUDENT,897,IN,Chennai,2023-09-16T17:51:37
CUST_00294,43,RETAIL,250,IN,Chennai,2025-06-24T23:29:17
CUST_00295,37,RETAIL,1005,IN,Mumbai,2023-05-31T05:12:22
CUST_00296,26,SME,1014,IN,Kolkata,2023-05-22T19:04:14
CUST_00297,43,RETAIL,823,IN,Mumbai,2023-11-29T03:30:14
CUST_00298,37,SALARIED,209,IN,Pune,2025-08-04T11:02:15
CUST_00299,42,PREMIUM,672,IN,Surat,2024-04-28T10:11:42
CUST_00300,40,PREMIUM,489,IN,Pune,2024-10-28T02:54:20
CUST_00301,24,STUDENT,177,IN,Pune,2025-09-05T07:01:16
CUST_00302,27,SALARIED,292,IN,Surat,2025-05-13T11:36:30
CUST_00303,42,RETAIL,815,IN,Bengaluru,2023-12-07T18:18:24
CUST_00304,40,PREMIUM,484,IN,Jaipur,2024-11-02T19:38:44
CUST_00305,33,RETAIL,1044,IN,Hyderabad,2023-04-22T00:11:22
CUST_00306,35,SALARIED,526,IN,Chennai,2024-09-21T13:37:02
CUST_00307,48,PREMIUM,931,IN,Pune,2023-08-13T15:56:55
CUST_00308,27,RETAIL,1060,IN,Bengaluru,2023-04-06T07:26:06
CUST_00309,40,PREMIUM,1154,IN,Chennai,2023-01-02T02:07:25
CUST_00310,31,PREMIUM,818,IN,Bengaluru,2023-12-04T02:15:08
CUST_00311,31,RETAIL,1002,IN,Delhi,2023-06-03T21:54:34
CUST_00312,46,RETAIL,222,IN,Bengaluru,2025-07-22T20:49:42
CUST_00313,43,STUDENT,1081,IN,Jaipur,2023-03-16T19:04:46
CUST_00314,42,SME,111,IN,Jaipur,2025-11-10T14:33:16
CUST_00315,48,SALARIED,1035,IN,Mumbai,2023-05-01T12:33:31
CUST_00316,34,RETAIL,193,IN,Hyderabad,2025-08-20T23:04:08
CUST_00317,41,SALARIED,1129,IN,Surat,2023-01-27T03:38:33
CUST_00318,30,RETAIL,733,IN,Jaipur,2024-02-27T08:22:17
CUST_00319,37,SALARIED,976,IN,Delhi,2023-06-29T09:40:23
CUST_00320,32,SALARIED,692,IN,Hyderabad,2024-04-08T18:09:43
CUST_00321,35,PREMIUM,655,IN,Chennai,2024-05-15T22:50:37
CUST_00322,40,PREMIUM,405,IN,Jaipur,2025-01-20T04:00:49
CUST_00323,24,RETAIL,424,IN,Delhi,2025-01-01T01:15:02
CUST_00324,57,RETAIL,304,IN,Delhi,2025-05-01T22:39:23
CUST_00325,22,RETAIL,822,IN,Mumbai,2023-11-30T18:46:24
CUST_00326,20,STUDENT,769,IN,Jaipur,2024-01-22T19:36:31
CUST_00327,46,SME,1157,IN,Mumbai,2022-12-30T14:52:01
CUST_00328,42,RETAIL,1087,IN,Pune,2023-03-10T19:30:00
CUST_00329,40,RETAIL,1183,IN,Chennai,2022-12-04T07:38:18
CUST_00330,40,PREMIUM,658,IN,Surat,2024-05-12T05:17:50
CUST_00331,33,STUDENT,970,IN,Ahmedabad,2023-07-05T13:15:52
CUST_00332,24,SALARIED,350,IN,Chennai,2025-03-16T02:24:52
CUST_00333,34,RETAIL,516,IN,Pune,2024-10-01T09:37:54
CUST_00334,26,RETAIL,464,IN,Chennai,2024-11-22T05:26:45
CUST_00335,44,RETAIL,236,IN,Bengaluru,2025-07-08T06:05:31
CUST_00336,32,SME,872,IN,Surat,2023-10-11T17:28:39
CUST_00337,24,STUDENT,179,IN,Delhi,2025-09-03T02:36:34
CUST_00338,30,STUDENT,940,IN,Mumbai,2023-08-04T12:35:36
CUST_00339,38,RETAIL,784,IN,Jaipur,2024-01-07T14:31:04
CUST_00340,27,RETAIL,974,IN,Ahmedabad,2023-07-01T00:33:08
CUST_00341,24,RETAIL,933,IN,Delhi,2023-08-11T00:02:33
CUST_00342,36,SALARIED,241,IN,Ahmedabad,2025-07-03T19:46:40
CUST_00343,36,SME,1140,IN,Surat,2023-01-16T13:55:00
CUST_00344,28,SALARIED,246,IN,Chennai,2025-06-28T23:33:19
CUST_00345,28,RETAIL,1011,IN,Delhi,2023-05-25T01:23:11
CUST_00346,36,RETAIL,846,IN,Mumbai,2023-11-06T14:24:28
CUST_00347,18,SALARIED,683,IN,Jaipur,2024-04-17T05:40:28
CUST_00348,18,STUDENT,524,IN,Delhi,2024-09-23T23:09:59
CUST_00349,26,RETAIL,1032,IN,Chennai,2023-05-04T20:18:17
CUST_00350,31,RETAIL,1072,IN,Mumbai,2023-03-25T01:18:44
CUST_00351,37,RETAIL,632,IN,Pune,2024-06-07T08:55:21
CUST_00352,50,PREMIUM,958,IN,Ahmedabad,2023-07-17T15:19:16
CUST_00353,43,SME,309,IN,Surat,2025-04-26T12:27:13
CUST_00354,32,RETAIL,596,IN,Delhi,2024-07-13T18:22:56
CUST_00355,33,RETAIL,342,IN,Chennai,2025-03-24T12:49:56
CUST_00356,22,RETAIL,794,IN,Jaipur,2023-12-28T22:41:41
CUST_00357,33,STUDENT,222,IN,Delhi,2025-07-22T07:47:10
CUST_00358,30,SALARIED,407,IN,Pune,2025-01-18T06:39:04
CUST_00359,37,SALARIED,681,IN,Pune,2024-04-19T15:16:15
CUST_00360,24,RETAIL,785,IN,Jaipur,2024-01-06T19:59:51
CUST_00361,39,RETAIL,1058,IN,Delhi,2023-04-08T10:38:01
CUST_00362,50,RETAIL,381,IN,Hyderabad,2025-02-13T07:45:06
CUST_00363,32,SALARIED,1141,IN,Bengaluru,2023-01-15T06:14:24
CUST_00364,38,RETAIL,221,IN,Mumbai,2025-07-23T20:07:51
CUST_00365,41,PREMIUM,703,IN,Ahmedabad,2024-03-28T01:36:51
CUST_00366,29,SALARIED,1136,IN,Chennai,2023-01-20T13:48:14
CUST_00367,36,RETAIL,307,IN,Delhi,2025-04-28T16:51:05
CUST_00368,34,STUDENT,694,IN,Bengaluru,2024-04-06T19:46:51
CUST_00369,35,RETAIL,293,IN,Ahmedabad,2025-05-12T21:58:10
CUST_00370,25,SALARIED,152,IN,Jaipur,2025-09-30T17:53:57
CUST_00371,34,PREMIUM,1025,IN,Mumbai,2023-05-11T20:01:43
CUST_00372,39,RETAIL,86,IN,Surat,2025-12-05T20:09:52
CUST_00373,49,RETAIL,474,IN,Mumbai,2024-11-12T18:17:37
CUST_00374,44,RETAIL,633,IN,Delhi,2024-06-06T05:37:37
CUST_00375,57,SALARIED,560,IN,Bengaluru,2024-08-18T07:23:55
CUST_00376,25,SALARIED,93,IN,Hyderabad,2025-11-28T07:46:14
CUST_00377,43,SME,416,IN,Bengaluru,2025-01-09T06:59:13
CUST_00378,36,SALARIED,1097,IN,Surat,2023-02-28T01:29:36
CUST_00379,58,RETAIL,284,IN,Kolkata,2025-05-21T18:06:37
CUST_00380,25,RETAIL,1118,IN,Pune,2023-02-07T16:33:52
CUST_00381,24,RETAIL,290,IN,Pune,2025-05-15T07:51:28
CUST_00382,27,STUDENT,148,IN,Bengaluru,2025-10-04T21:39:28
CUST_00383,18,RETAIL,1000,IN,Ahmedabad,2023-06-05T04:12:40
CUST_00384,28,RETAIL,899,IN,Hyderabad,2023-09-14T14:05:32
CUST_00385,25,SALARIED,1039,IN,Mumbai,2023-04-27T02:36:48
CUST_00386,35,SME,1071,IN,Ahmedabad,2023-03-26T02:53:34
CUST_00387,37,PREMIUM,239,IN,Kolkata,2025-07-05T20:50:34
CUST_00388,54,STUDENT,273,IN,Delhi,2025-06-01T00:00:02
CUST_00389,44,RETAIL,472,IN,Kolkata,2024-11-14T13:47:21
CUST_00390,27,RETAIL,934,IN,Surat,2023-08-10T00:28:42
CUST_00391,24,PREMIUM,884,IN,Surat,2023-09-29T12:29:17
CUST_00392,39,SME,1057,IN,Ahmedabad,2023-04-09T07:42:50
CUST_00393,19,RETAIL,578,IN,Delhi,2024-07-31T08:28:45
CUST_00394,54,RETAIL,173,IN,Mumbai,2025-09-09T21:28:16
CUST_00395,46,SME,848,IN,Delhi,2023-11-04T04:16:39
CUST_00396,28,RETAIL,262,IN,Jaipur,2025-06-12T21:17:11
CUST_00397,18,SALARIED,1019,IN,Ahmedabad,2023-05-17T17:41:17
CUST_00398,48,PREMIUM,600,IN,Jaipur,2024-07-09T06:38:08
CUST_00399,32,PREMIUM,129,IN,Bengaluru,2025-10-23T10:03:01
CUST_00400,47,RETAIL,709,IN,Mumbai,2024-03-22T11:31:30
CUST_00401,18,RETAIL,685,IN,Kolkata,2024-04-15T01:49:28
CUST_00402,27,RETAIL,861,IN,Surat,2023-10-22T08:11:52
CUST_00403,34,STUDENT,1199,IN,Ahmedabad,2022-11-18T02:25:23
CUST_00404,34,PREMIUM,385,IN,Chennai,2025-02-09T07:56:34
CUST_00405,29,PREMIUM,838,IN,Chennai,2023-11-14T04:16:37
CUST_00406,40,RETAIL,122,IN,Pune,2025-10-30T05:57:51
CUST_00407,22,RETAIL,120,IN,Bengaluru,2025-11-01T03:38:35
CUST_00408,32,RETAIL,796,IN,Hyderabad,2023-12-26T10:37:56
CUST_00409,35,RETAIL,704,IN,Bengaluru,2024-03-27T05:54:01
CUST_00410,39,SALARIED,299,IN,Jaipur,2025-05-06T13:49:58
CUST_00411,41,RETAIL,1008,IN,Surat,2023-05-28T02:04:32
CUST_00412,21,PREMIUM,927,IN,Ahmedabad,2023-08-17T15:58:15
CUST_00413,18,PREMIUM,713,IN,Pune,2024-03-18T11:23:35
CUST_00414,48,PREMIUM,1065,IN,Hyderabad,2023-04-01T20:15:16
CUST_00415,37,RETAIL,1094,IN,Surat,2023-03-03T02:38:49
CUST_00416,25,RETAIL,957,IN,Bengaluru,2023-07-18T17:28:19
CUST_00417,51,SALARIED,1162,IN,Mumbai,2022-12-25T17:41:43
CUST_00418,35,RETAIL,888,IN,Bengaluru,2023-09-25T16:20:12
CUST_00419,46,STUDENT,259,IN,Bengaluru,2025-06-15T05:38:42
CUST_00420,34,PREMIUM,1152,IN,Pune,2023-01-04T08:32:46
CUST_00421,56,SALARIED,683,IN,Kolkata,2024-04-17T07:08:40
CUST_00422,53,STUDENT,706,IN,Chennai,2024-03-25T17:33:34
CUST_00423,31,STUDENT,993,IN,Delhi,2023-06-12T02:11:24
CUST_00424,44,SALARIED,1122,IN,Hyderabad,2023-02-03T18:23:28
CUST_00425,41,STUDENT,1022,IN,Jaipur,2023-05-14T15:00:19
CUST_00426,49,SALARIED,953,IN,Mumbai,2023-07-22T05:13:19
CUST_00427,23,PREMIUM,811,IN,Delhi,2023-12-11T09:50:44
CUST_00428,41,STUDENT,679,IN,Bengaluru,2024-04-21T10:33:39
CUST_00429,45,STUDENT,909,IN,Delhi,2023-09-04T15:07:41
CUST_00430,18,RETAIL,548,IN,Delhi,2024-08-30T11:44:52
CUST_00431,20,RETAIL,567,IN,Jaipur,2024-08-11T14:30:28
CUST_00432,18,SME,929,IN,Hyderabad,2023-08-15T03:02:57
CUST_00433,31,RETAIL,344,IN,Chennai,2025-03-22T23:43:09
CUST_00434,41,STUDENT,425,IN,Ahmedabad,2024-12-31T03:05:57
CUST_00435,50,SALARIED,178,IN,Chennai,2025-09-04T21:39:21
CUST_00436,34,SALARIED,898,IN,Bengaluru,2023-09-15T12:17:17
CUST_00437,51,RETAIL,352,IN,Jaipur,2025-03-14T16:52:23
CUST_00438,18,SALARIED,1133,IN,Jaipur,2023-01-23T02:06:22
CUST_00439,18,RETAIL,249,IN,Pune,2025-06-25T16:21:52
CUST_00440,33,RETAIL,863,IN,Kolkata,2023-10-20T00:12:44
CUST_00441,38,RETAIL,283,IN,Ahmedabad,2025-05-22T18:46:42
CUST_00442,33,RETAIL,179,IN,Bengaluru,2025-09-03T08:25:36
CUST_00443,18,RETAIL,932,IN,Chennai,2023-08-12T08:16:44
CUST_00444,33,SALARIED,361,IN,Pune,2025-03-05T12:29:14
CUST_00445,19,SALARIED,108,IN,Mumbai,2025-11-13T03:02:21
CUST_00446,41,SALARIED,176,IN,Hyderabad,2025-09-06T01:01:09
CUST_00447,38,RETAIL,852,IN,Pune,2023-10-31T14:19:15
CUST_00448,23,SALARIED,314,IN,Ahmedabad,2025-04-21T06:04:44
CUST_00449,28,RETAIL,869,IN,Hyderabad,2023-10-14T15:40:54
CUST_00450,22,RETAIL,393,IN,Kolkata,2025-02-01T09:19:39
CUST_00451,33,SALARIED,626,IN,Ahmedabad,2024-06-13T21:07:10
CUST_00452,44,PREMIUM,910,IN,Bengaluru,2023-09-03T13:14:32
CUST_00453,23,SALARIED,599,IN,Kolkata,2024-07-10T07:55:37
CUST_00454,39,STUDENT,1186,IN,Mumbai,2022-12-01T00:39:30
CUST_00455,28,SALARIED,441,IN,Delhi,2024-12-15T03:31:09
CUST_00456,25,RETAIL,474,IN,Surat,2024-11-12T03:40:39
CUST_00457,32,RETAIL,388,IN,Delhi,2025-02-06T16:26:14
CUST_00458,22,SALARIED,905,IN,Delhi,2023-09-08T13:31:29
CUST_00459,27,RETAIL,735,IN,Kolkata,2024-02-25T14:47:54
CUST_00460,20,RETAIL,870,IN,Surat,2023-10-13T11:06:03
CUST_00461,55,RETAIL,112,IN,Hyderabad,2025-11-09T06:18:20
CUST_00462,34,SALARIED,1012,IN,Delhi,2023-05-24T17:43:15
CUST_00463,26,RETAIL,943,IN,Bengaluru,2023-08-01T04:43:50
CUST_00464,36,SME,413,IN,Jaipur,2025-01-12T05:52:59
CUST_00465,32,RETAIL,994,IN,Hyderabad,2023-06-11T02:28:52
CUST_00466,31,STUDENT,455,IN,Ahmedabad,2024-12-01T15:41:12
CUST_00467,40,RETAIL,948,IN,Chennai,2023-07-27T17:21:46
CUST_00468,42,STUDENT,452,IN,Delhi,2024-12-04T10:48:33
CUST_00469,28,RETAIL,601,IN,Hyderabad,2024-07-08T16:20:31
CUST_00470,27,RETAIL,1003,IN,Delhi,2023-06-02T21:59:29
CUST_00471,30,SALARIED,879,IN,Kolkata,2023-10-04T02:46:14
CUST_00472,18,STUDENT,589,IN,Mumbai,2024-07-20T21:53:24
CUST_00473,18,RETAIL,545,IN,Surat,2024-09-02T08:01:37
CUST_00474,49,SALARIED,158,IN,Surat,2025-09-24T23:43:27
CUST_00475,52,RETAIL,873,IN,Jaipur,2023-10-10T02:36:51
CUST_00476,31,RETAIL,432,IN,Ahmedabad,2024-12-24T15:49:27
CUST_00477,40,SALARIED,1023,IN,Jaipur,2023-05-13T19:54:39
CUST_00478,37,RETAIL,598,IN,Delhi,2024-07-11T20:39:57
CUST_00479,67,PREMIUM,640,IN,Kolkata,2024-05-30T00:36:00
CUST_00480,46,RETAIL,604,IN,Chennai,2024-07-05T04:06:11
CUST_00481,32,PREMIUM,957,IN,Ahmedabad,2023-07-18T18:39:12
CUST_00482,23,SALARIED,374,IN,Ahmedabad,2025-02-20T06:05:00
CUST_00483,18,RETAIL,369,IN,Mumbai,2025-02-25T22:45:48
CUST_00484,36,PREMIUM,399,IN,Bengaluru,2025-01-26T01:30:32
CUST_00485,25,SME,1078,IN,Jaipur,2023-03-19T22:31:37
CUST_00486,18,PREMIUM,1074,IN,Delhi,2023-03-23T20:05:13
CUST_00487,26,RETAIL,256,IN,Delhi,2025-06-18T17:04:41
CUST_00488,22,SALARIED,1106,IN,Surat,2023-02-19T15:23:02
CUST_00489,52,RETAIL,73,IN,Delhi,2025-12-18T07:10:23
CUST_00490,43,RETAIL,222,IN,Bengaluru,2025-07-22T16:10:28
CUST_00491,33,SALARIED,118,IN,Bengaluru,2025-11-03T14:16:16
CUST_00492,50,RETAIL,282,IN,Bengaluru,2025-05-23T13:50:58
CUST_00493,34,PREMIUM,1047,IN,Surat,2023-04-19T09:19:42
CUST_00494,24,STUDENT,739,IN,Ahmedabad,2024-02-21T22:18:20
CUST_00495,50,RETAIL,329,IN,Chennai,2025-04-06T17:04:56
CUST_00496,39,RETAIL,178,IN,Surat,2025-09-04T00:55:24
CUST_00497,22,RETAIL,881,IN,Kolkata,2023-10-02T15:48:44
CUST_00498,31,RETAIL,491,IN,Kolkata,2024-10-26T18:35:10
CUST_00499,24,RETAIL,380,IN,Kolkata,2025-02-14T20:40:28
CUST_00500,18,STUDENT,700,IN,Pune,2024-03-31T02:21:51
CUST_00501,44,STUDENT,817,IN,Ahmedabad,2023-12-05T07:47:28
CUST_00502,55,SALARIED,1040,IN,Kolkata,2023-04-26T15:23:21
CUST_00503,18,RETAIL,930,IN,Kolkata,2023-08-14T12:20:48
CUST_00504,40,STUDENT,255,IN,Ahmedabad,2025-06-19T22:27:38
CUST_00505,26,STUDENT,382,IN,Jaipur,2025-02-12T08:26:19
CUST_00506,28,RETAIL,1023,IN,Ahmedabad,2023-05-13T10:54:01
CUST_00507,27,RETAIL,326,IN,Hyderabad,2025-04-09T02:02:40
CUST_00508,24,PREMIUM,670,IN,Bengaluru,2024-04-30T05:56:24
CUST_00509,34,SALARIED,1116,IN,Kolkata,2023-02-09T20:27:32
CUST_00510,24,RETAIL,583,IN,Bengaluru,2024-07-26T12:43:22
CUST_00511,36,SALARIED,98,IN,Ahmedabad,2025-11-23T20:12:17
CUST_00512,33,RETAIL,438,IN,Kolkata,2024-12-18T11:57:54
CUST_00513,31,SALARIED,674,IN,Ahmedabad,2024-04-26T13:22:13
CUST_00514,24,SALARIED,986,IN,Pune,2023-06-19T04:08:43
CUST_00515,27,SME,448,IN,Surat,2024-12-08T17:48:54
CUST_00516,42,RETAIL,282,IN,Mumbai,2025-05-23T10:25:58
CUST_00517,39,RETAIL,92,IN,Ahmedabad,2025-11-29T18:18:29
CUST_00518,23,STUDENT,1061,IN,Surat,2023-04-05T14:20:07
CUST_00519,35,RETAIL,873,IN,Delhi,2023-10-10T14:54:51
CUST_00520,42,RETAIL,294,IN,Mumbai,2025-05-11T23:15:47
CUST_00521,18,RETAIL,362,IN,Jaipur,2025-03-04T03:44:32
CUST_00522,39,RETAIL,681,IN,Kolkata,2024-04-19T09:50:29
CUST_00523,26,RETAIL,405,IN,Ahmedabad,2025-01-20T19:12:15
CUST_00524,40,SME,1030,IN,Surat,2023-05-06T23:04:31
CUST_00525,25,RETAIL,668,IN,Kolkata,2024-05-02T05:06:06
CUST_00526,18,RETAIL,81,IN,Kolkata,2025-12-10T20:19:05
CUST_00527,18,SME,1080,IN,Jaipur,2023-03-17T00:22:21
CUST_00528,34,SME,140,IN,Jaipur,2025-10-12T08:34:28
CUST_00529,36,PREMIUM,1064,IN,Jaipur,2023-04-02T16:14:56
CUST_00530,24,RETAIL,711,IN,Kolkata,2024-03-20T06:55:42
CUST_00531,41,SALARIED,304,IN,Pune,2025-05-01T08:20:18
CUST_00532,18,RETAIL,958,IN,Hyderabad,2023-07-17T23:49:41
CUST_00533,33,PREMIUM,962,IN,Surat,2023-07-13T16:27:45
CUST_00534,20,SALARIED,759,IN,Ahmedabad,2024-02-01T04:05:06
CUST_00535,26,RETAIL,665,IN,Kolkata,2024-05-05T00:14:35
CUST_00536,34,SALARIED,802,IN,Delhi,2023-12-20T08:08:05
CUST_00537,24,STUDENT,643,IN,Ahmedabad,2024-05-27T01:12:54
CUST_00538,29,RETAIL,473,IN,Bengaluru,2024-11-13T18:21:28
CUST_00539,45,SALARIED,1076,IN,Jaipur,2023-03-21T14:44:46
CUST_00540,27,RETAIL,102,IN,Pune,2025-11-19T12:03:43
CUST_00541,43,STUDENT,422,IN,Bengaluru,2025-01-03T07:57:08
CUST_00542,21,RETAIL,298,IN,Jaipur,2025-05-07T04:45:52
CUST_00543,39,RETAIL,593,IN,Mumbai,2024-07-16T13:09:37
CUST_00544,49,SALARIED,612,IN,Jaipur,2024-06-27T19:05:15
CUST_00545,18,STUDENT,278,IN,Ahmedabad,2025-05-27T01:56:00
CUST_00546,25,SALARIED,292,IN,Surat,2025-05-13T20:09:20
CUST_00547,40,SALARIED,273,IN,Bengaluru,2025-06-01T06:57:27
CUST_00548,31,RETAIL,306,IN,Delhi,2025-04-29T17:01:36
CUST_00549,38,STUDENT,969,IN,Bengaluru,2023-07-06T07:28:13
CUST_00550,27,RETAIL,809,IN,Bengaluru,2023-12-13T13:07:51
CUST_00551,34,SALARIED,964,IN,Mumbai,2023-07-11T10:10:10
CUST_00552,32,RETAIL,1035,IN,Delhi,2023-05-01T13:41:27
CUST_00553,46,RETAIL,827,IN,Pune,2023-11-25T01:11:33
CUST_00554,36,STUDENT,567,IN,Jaipur,2024-08-11T19:11:11
CUST_00555,37,RETAIL,532,IN,Kolkata,2024-09-15T19:08:32
CUST_00556,29,SALARIED,1004,IN,Pune,2023-06-01T07:09:16
CUST_00557,28,SALARIED,971,IN,Jaipur,2023-07-04T19:10:59
CUST_00558,29,SALARIED,238,IN,Delhi,2025-07-06T13:39:34
CUST_00559,38,RETAIL,870,IN,Delhi,2023-10-13T22:17:00
CUST_00560,29,SALARIED,183,IN,Jaipur,2025-08-30T03:14:08
CUST_00561,37,SME,923,IN,Jaipur,2023-08-21T11:03:16
CUST_00562,56,SALARIED,707,IN,Chennai,2024-03-24T12:59:07
CUST_00563,43,SALARIED,365,IN,Hyderabad,2025-03-01T01:34:31
CUST_00564,30,SALARIED,970,IN,Kolkata,2023-07-05T01:37:03
CUST_00565,47,SALARIED,682,IN,Pune,2024-04-18T21:57:25
CUST_00566,29,RETAIL,323,IN,Hyderabad,2025-04-12T07:25:41
CUST_00567,18,RETAIL,1195,IN,Delhi,2022-11-22T14:26:38
CUST_00568,22,RETAIL,1170,IN,Chennai,2022-12-17T05:43:44
CUST_00569,18,STUDENT,1099,IN,Pune,2023-02-26T20:13:56
CUST_00570,30,RETAIL,1104,IN,Bengaluru,2023-02-21T12:52:56
CUST_00571,34,RETAIL,75,IN,Surat,2025-12-16T09:38:44
CUST_00572,52,PREMIUM,1157,IN,Chennai,2022-12-30T04:45:37
CUST_00573,37,RETAIL,351,IN,Hyderabad,2025-03-15T01:35:26
CUST_00574,31,RETAIL,1122,IN,Pune,2023-02-03T05:47:07
CUST_00575,43,PREMIUM,365,IN,Kolkata,2025-03-01T01:32:06
CUST_00576,18,RETAIL,192,IN,Ahmedabad,2025-08-21T10:03:51
CUST_00577,36,RETAIL,224,IN,Kolkata,2025-07-20T12:16:26
CUST_00578,42,PREMIUM,1127,IN,Surat,2023-01-29T11:04:43
CUST_00579,18,PREMIUM,932,IN,Ahmedabad,2023-08-12T09:15:00
CUST_00580,46,STUDENT,918,IN,Delhi,2023-08-26T18:50:27
CUST_00581,37,PREMIUM,1002,IN,Jaipur,2023-06-03T19:14:27
CUST_00582,29,RETAIL,500,IN,Delhi,2024-10-17T09:29:57
CUST_00583,40,SALARIED,821,IN,Kolkata,2023-12-01T20:21:05
CUST_00584,58,RETAIL,821,IN,Jaipur,2023-12-01T05:41:57
CUST_00585,36,RETAIL,825,IN,Chennai,2023-11-27T14:36:40
CUST_00586,36,PREMIUM,357,IN,Kolkata,2025-03-09T19:09:22
CUST_00587,28,RETAIL,689,IN,Ahmedabad,2024-04-11T14:46:48
CUST_00588,24,RETAIL,1186,IN,Mumbai,2022-12-01T12:55:04
CUST_00589,43,RETAIL,699,IN,Pune,2024-04-01T05:31:02
CUST_00590,24,SALARIED,1038,IN,Delhi,2023-04-28T00:06:21
CUST_00591,34,SALARIED,1098,IN,Ahmedabad,2023-02-27T03:30:11
CUST_00592,28,STUDENT,370,IN,Surat,2025-02-24T00:39:54
CUST_00593,39,STUDENT,903,IN,Kolkata,2023-09-10T11:45:02
CUST_00594,37,RETAIL,158,IN,Chennai,2025-09-24T02:03:31
CUST_00595,45,STUDENT,404,IN,Chennai,2025-01-21T01:58:23
CUST_00596,28,PREMIUM,318,IN,Hyderabad,2025-04-17T03:24:54
CUST_00597,31,SME,1174,IN,Surat,2022-12-13T05:11:56
CUST_00598,23,PREMIUM,1039,IN,Bengaluru,2023-04-27T07:02:58
CUST_00599,29,STUDENT,1154,IN,Hyderabad,2023-01-02T18:58:42
CUST_00600,38,RETAIL,974,IN,Surat,2023-07-01T21:08:25
CUST_00601,42,RETAIL,157,IN,Mumbai,2025-09-25T08:04:00
CUST_00602,23,RETAIL,434,IN,Jaipur,2024-12-22T10:58:04
CUST_00603,43,RETAIL,591,IN,Jaipur,2024-07-18T21:52:53
CUST_00604,48,RETAIL,359,IN,Bengaluru,2025-03-07T18:43:10
CUST_00605,38,RETAIL,899,IN,Surat,2023-09-14T02:49:56
CUST_00606,54,SME,436,IN,Chennai,2024-12-20T23:14:56
CUST_00607,25,RETAIL,720,IN,Pune,2024-03-11T19:33:02
CUST_00608,20,RETAIL,312,IN,Surat,2025-04-23T22:47:44
CUST_00609,18,PREMIUM,1074,IN,Kolkata,2023-03-23T07:11:27
CUST_00610,50,SALARIED,616,IN,Jaipur,2024-06-23T22:39:30
CUST_00611,41,RETAIL,1056,IN,Hyderabad,2023-04-10T23:33:19
CUST_00612,33,SALARIED,103,IN,Bengaluru,2025-11-18T15:24:22
CUST_00613,37,RETAIL,322,IN,Ahmedabad,2025-04-13T14:23:33
CUST_00614,21,RETAIL,1089,IN,Pune,2023-03-08T17:09:50
CUST_00615,60,PREMIUM,409,IN,Jaipur,2025-01-16T16:25:32
CUST_00616,35,PREMIUM,67,IN,Chennai,2025-12-24T09:06:20
CUST_00617,35,STUDENT,407,IN,Ahmedabad,2025-01-18T23:56:00
CUST_00618,41,RETAIL,578,IN,Hyderabad,2024-07-31T02:35:37
CUST_00619,39,PREMIUM,1110,IN,Jaipur,2023-02-15T14:57:49
CUST_00620,36,PREMIUM,680,IN,Bengaluru,2024-04-20T21:34:15
CUST_00621,25,SALARIED,637,IN,Jaipur,2024-06-02T10:46:20
CUST_00622,39,SME,716,IN,Chennai,2024-03-15T02:38:19
CUST_00623,54,SME,992,IN,Pune,2023-06-13T15:44:17
CUST_00624,48,RETAIL,1006,IN,Delhi,2023-05-30T04:38:58
CUST_00625,51,STUDENT,69,IN,Mumbai,2025-12-22T04:29:59
CUST_00626,28,STUDENT,911,IN,Ahmedabad,2023-09-02T06:02:15
CUST_00627,23,SALARIED,1167,IN,Bengaluru,2022-12-20T21:09:03
CUST_00628,32,PREMIUM,976,IN,Kolkata,2023-06-29T02:52:37
CUST_00629,34,SALARIED,798,IN,Mumbai,2023-12-24T11:48:06
CUST_00630,46,RETAIL,823,IN,Hyderabad,2023-11-29T17:31:59
CUST_00631,18,STUDENT,640,IN,Pune,2024-05-30T02:01:14
CUST_00632,50,RETAIL,685,IN,Ahmedabad,2024-04-15T01:45:45
CUST_00633,32,SME,140,IN,Surat,2025-10-12T15:28:02
CUST_00634,29,RETAIL,466,IN,Chennai,2024-11-20T03:34:52
CUST_00635,22,PREMIUM,1076,IN,Surat,2023-03-21T18:24:47
CUST_00636,18,STUDENT,424,IN,Bengaluru,2025-01-01T21:22:51
CUST_00637,43,RETAIL,531,IN,Chennai,2024-09-16T07:13:09
CUST_00638,34,RETAIL,112,IN,Surat,2025-11-09T01:16:25
CUST_00639,19,RETAIL,994,IN,Mumbai,2023-06-11T23:32:18
CUST_00640,19,SALARIED,726,IN,Chennai,2024-03-05T10:05:33
CUST_00641,30,RETAIL,1126,IN,Jaipur,2023-01-30T09:28:36
CUST_00642,52,SALARIED,524,IN,Kolkata,2024-09-23T22:42:01
CUST_00643,31,PREMIUM,712,IN,Pune,2024-03-19T23:34:47
CUST_00644,18,RETAIL,116,IN,Kolkata,2025-11-05T00:45:15
CUST_00645,31,SME,576,IN,Chennai,2024-08-02T17:49:38
CUST_00646,31,RETAIL,263,IN,Mumbai,2025-06-11T23:29:32
CUST_00647,18,PREMIUM,749,IN,Ahmedabad,2024-02-11T15:44:53
CUST_00648,33,RETAIL,762,IN,Jaipur,2024-01-29T22:07:38
CUST_00649,31,SALARIED,214,IN,Bengaluru,2025-07-30T04:20:31
CUST_00650,41,STUDENT,320,IN,Mumbai,2025-04-15T21:56:01
CUST_00651,54,RETAIL,198,IN,Ahmedabad,2025-08-15T19:56:01
CUST_00652,46,RETAIL,949,IN,Mumbai,2023-07-26T21:53:16
CUST_00653,31,PREMIUM,668,IN,Surat,2024-05-02T11:34:53
CUST_00654,21,SALARIED,542,IN,Surat,2024-09-05T04:09:17
CUST_00655,62,RETAIL,851,IN,Surat,2023-11-01T09:09:32
CUST_00656,34,STUDENT,760,IN,Mumbai,2024-01-31T03:16:09
CUST_00657,34,PREMIUM,737,IN,Bengaluru,2024-02-23T05:47:53
CUST_00658,33,RETAIL,203,IN,Hyderabad,2025-08-10T05:09:06
CUST_00659,36,SALARIED,323,IN,Pune,2025-04-12T03:27:43
CUST_00660,32,RETAIL,975,IN,Mumbai,2023-06-30T18:44:51
CUST_00661,27,RETAIL,703,IN,Pune,2024-03-28T05:32:27
CUST_00662,27,RETAIL,1173,IN,Chennai,2022-12-14T19:50:29
CUST_00663,33,STUDENT,661,IN,Surat,2024-05-09T12:59:26
CUST_00664,28,STUDENT,361,IN,Jaipur,2025-03-05T22:44:27
CUST_00665,26,SALARIED,929,IN,Hyderabad,2023-08-15T12:47:47
CUST_00666,35,SALARIED,764,IN,Ahmedabad,2024-01-27T17:17:29
CUST_00667,31,PREMIUM,743,IN,Surat,2024-02-17T05:23:38
CUST_00668,50,RETAIL,738,IN,Mumbai,2024-02-22T18:53:30
CUST_00669,18,PREMIUM,72,IN,Hyderabad,2025-12-19T03:45:15
CUST_00670,46,PREMIUM,501,IN,Pune,2024-10-16T16:29:12
CUST_00671,47,SALARIED,834,IN,Mumbai,2023-11-18T17:34:48
CUST_00672,18,RETAIL,216,IN,Bengaluru,2025-07-28T12:58:24
CUST_00673,30,RETAIL,966,IN,Pune,2023-07-09T17:19:22
CUST_00674,29,RETAIL,125,IN,Delhi,2025-10-27T17:47:41
CUST_00675,18,RETAIL,601,IN,Jaipur,2024-07-08T00:48:38
CUST_00676,25,RETAIL,466,IN,Chennai,2024-11-20T23:48:06
CUST_00677,21,SALARIED,107,IN,Bengaluru,2025-11-14T02:51:35
CUST_00678,53,RETAIL,495,IN,Pune,2024-10-22T14:30:44
CUST_00679,44,SALARIED,415,IN,Kolkata,2025-01-10T07:08:20
CUST_00680,47,SALARIED,198,IN,Delhi,2025-08-15T20:50:03
CUST_00681,41,SALARIED,457,IN,Pune,2024-11-29T06:35:15
CUST_00682,21,RETAIL,944,IN,Mumbai,2023-07-31T03:44:01
CUST_00683,28,SALARIED,452,IN,Delhi,2024-12-04T06:41:09
CUST_00684,39,RETAIL,174,IN,Delhi,2025-09-08T03:09:42
CUST_00685,20,SALARIED,1066,IN,Ahmedabad,2023-03-31T17:13:54
CUST_00686,41,SALARIED,197,IN,Jaipur,2025-08-16T18:27:35
CUST_00687,31,RETAIL,1127,IN,Pune,2023-01-29T09:48:39
CUST_00688,29,PREMIUM,1054,IN,Chennai,2023-04-12T01:28:29
CUST_00689,41,PREMIUM,139,IN,Hyderabad,2025-10-13T17:45:02
CUST_00690,38,PREMIUM,545,IN,Kolkata,2024-09-02T11:46:40
CUST_00691,30,SALARIED,386,IN,Bengaluru,2025-02-08T12:43:24
CUST_00692,46,RETAIL,237,IN,Pune,2025-07-07T14:31:26
CUST_00693,22,RETAIL,149,IN,Pune,2025-10-03T09:27:20
CUST_00694,40,RETAIL,1022,IN,Ahmedabad,2023-05-14T10:33:36
CUST_00695,40,RETAIL,848,IN,Hyderabad,2023-11-04T23:48:31
CUST_00696,30,RETAIL,220,IN,Chennai,2025-07-24T12:02:54
CUST_00697,37,SALARIED,1115,IN,Chennai,2023-02-10T06:18:54
CUST_00698,20,SALARIED,266,IN,Mumbai,2025-06-08T20:55:36
CUST_00699,44,PREMIUM,748,IN,Chennai,2024-02-12T17:16:38
CUST_00700,31,RETAIL,627,IN,Delhi,2024-06-12T17:14:21
CUST_00701,28,SME,1177,IN,Chennai,2022-12-10T15:59:10
CUST_00702,45,RETAIL,774,IN,Surat,2024-01-17T11:34:07
CUST_00703,26,SALARIED,89,IN,Delhi,2025-12-02T08:18:27
CUST_00704,18,SALARIED,531,IN,Hyderabad,2024-09-16T16:13:12
CUST_00705,18,PREMIUM,1121,IN,Ahmedabad,2023-02-04T05:09:24
CUST_00706,40,STUDENT,1009,IN,Pune,2023-05-27T13:09:54
CUST_00707,19,SALARIED,943,IN,Ahmedabad,2023-08-01T01:33:46
CUST_00708,53,RETAIL,126,IN,Delhi,2025-10-26T12:51:23
CUST_00709,18,RETAIL,84,IN,Pune,2025-12-07T08:08:17
CUST_00710,52,RETAIL,923,IN,Kolkata,2023-08-21T10:16:11
CUST_00711,36,SALARIED,1166,IN,Mumbai,2022-12-21T14:39:22
CUST_00712,32,PREMIUM,130,IN,Surat,2025-10-22T19:50:38
CUST_00713,28,STUDENT,865,IN,Bengaluru,2023-10-18T11:46:34
CUST_00714,38,PREMIUM,450,IN,Surat,2024-12-06T08:53:38
CUST_00715,33,SME,688,IN,Jaipur,2024-04-12T21:49:53
CUST_00716,46,RETAIL,1065,IN,Bengaluru,2023-04-01T23:48:47
CUST_00717,35,SALARIED,855,IN,Chennai,2023-10-28T14:46:45
CUST_00718,35,STUDENT,208,IN,Jaipur,2025-08-05T09:56:36
CUST_00719,30,RETAIL,734,IN,Bengaluru,2024-02-26T10:34:49
CUST_00720,33,RETAIL,921,IN,Kolkata,2023-08-23T08:12:55
CUST_00721,37,SME,487,IN,Chennai,2024-10-30T19:04:46
CUST_00722,18,RETAIL,1037,IN,Chennai,2023-04-29T18:21:23
CUST_00723,19,PREMIUM,1094,IN,Chennai,2023-03-03T01:16:30
CUST_00724,42,RETAIL,357,IN,Kolkata,2025-03-09T09:55:07
CUST_00725,35,STUDENT,570,IN,Surat,2024-08-08T07:38:01
CUST_00726,31,SALARIED,1007,IN,Bengaluru,2023-05-29T09:23:57
CUST_00727,34,RETAIL,999,IN,Chennai,2023-06-06T12:15:06
CUST_00728,37,RETAIL,423,IN,Surat,2025-01-02T10:44:48
CUST_00729,28,STUDENT,1002,IN,Delhi,2023-06-03T11:01:17
CUST_00730,25,STUDENT,260,IN,Hyderabad,2025-06-14T11:15:57
CUST_00731,36,SALARIED,388,IN,Jaipur,2025-02-06T15:03:19
CUST_00732,23,RETAIL,201,IN,Hyderabad,2025-08-12T01:13:13
CUST_00733,38,SALARIED,907,IN,Bengaluru,2023-09-06T06:52:36
CUST_00734,18,SALARIED,1098,IN,Delhi,2023-02-27T13:33:31
CUST_00735,45,RETAIL,1101,IN,Bengaluru,2023-02-24T22:30:58
CUST_00736,39,STUDENT,1010,IN,Kolkata,2023-05-26T11:38:12
CUST_00737,36,SALARIED,877,IN,Bengaluru,2023-10-06T22:59:43
CUST_00738,44,STUDENT,344,IN,Ahmedabad,2025-03-22T13:17:12
CUST_00739,52,PREMIUM,204,IN,Hyderabad,2025-08-09T21:24:17
CUST_00740,45,STUDENT,961,IN,Chennai,2023-07-14T19:29:07
CUST_00741,18,SALARIED,414,IN,Delhi,2025-01-11T23:21:53
CUST_00742,19,RETAIL,1159,IN,Bengaluru,2022-12-28T00:34:49
CUST_00743,27,STUDENT,87,IN,Ahmedabad,2025-12-04T02:42:50
CUST_00744,34,RETAIL,508,IN,Jaipur,2024-10-09T01:57:02
CUST_00745,39,RETAIL,162,IN,Bengaluru,2025-09-20T03:08:26
CUST_00746,26,RETAIL,696,IN,Mumbai,2024-04-04T09:56:21
CUST_00747,36,RETAIL,837,IN,Pune,2023-11-15T17:00:44
CUST_00748,25,SALARIED,474,IN,Mumbai,2024-11-12T21:58:33
CUST_00749,27,SME,755,IN,Bengaluru,2024-02-05T17:16:17
CUST_00750,18,RETAIL,262,IN,Delhi,2025-06-12T02:49:13
CUST_00751,23,RETAIL,1114,IN,Pune,2023-02-11T20:07:39
CUST_00752,19,PREMIUM,453,IN,Jaipur,2024-12-03T04:46:00
CUST_00753,23,RETAIL,941,IN,Bengaluru,2023-08-03T20:45:46
CUST_00754,45,RETAIL,420,IN,Pune,2025-01-05T23:34:18
CUST_00755,23,RETAIL,500,IN,Chennai,2024-10-17T09:45:55
CUST_00756,62,STUDENT,820,IN,Hyderabad,2023-12-02T22:55:03
CUST_00757,39,RETAIL,1088,IN,Surat,2023-03-09T20:14:25
CUST_00758,36,RETAIL,259,IN,Kolkata,2025-06-15T04:39:19
CUST_00759,24,STUDENT,337,IN,Pune,2025-03-29T13:48:19
CUST_00760,41,SME,1052,IN,Surat,2023-04-14T21:38:58
CUST_00761,27,SALARIED,984,IN,Hyderabad,2023-06-21T11:27:19
CUST_00762,35,PREMIUM,92,IN,Bengaluru,2025-11-29T16:58:20
CUST_00763,62,RETAIL,942,IN,Mumbai,2023-08-02T16:20:54
CUST_00764,32,RETAIL,1086,IN,Kolkata,2023-03-11T14:47:50
CUST_00765,46,RETAIL,142,IN,Surat,2025-10-10T16:00:13
CUST_00766,26,SME,973,IN,Delhi,2023-07-02T00:03:38
CUST_00767,33,RETAIL,146,IN,Chennai,2025-10-06T07:09:33
CUST_00768,53,SALARIED,534,IN,Hyderabad,2024-09-13T00:38:38
CUST_00769,27,RETAIL,175,IN,Hyderabad,2025-09-07T02:44:08
CUST_00770,53,STUDENT,846,IN,Ahmedabad,2023-11-06T07:39:48
CUST_00771,41,STUDENT,197,IN,Mumbai,2025-08-16T08:55:47
CUST_00772,27,STUDENT,354,IN,Delhi,2025-03-12T17:51:54
CUST_00773,40,PREMIUM,483,IN,Kolkata,2024-11-03T16:27:54
CUST_00774,44,STUDENT,702,IN,Hyderabad,2024-03-29T18:13:47
CUST_00775,40,RETAIL,574,IN,Ahmedabad,2024-08-04T14:41:23
CUST_00776,18,SME,477,IN,Ahmedabad,2024-11-09T15:04:09
CUST_00777,26,RETAIL,801,IN,Ahmedabad,2023-12-21T11:35:49
CUST_00778,31,RETAIL,1099,IN,Delhi,2023-02-26T04:12:32
CUST_00779,33,SALARIED,1052,IN,Kolkata,2023-04-14T23:11:35
CUST_00780,40,SALARIED,679,IN,Jaipur,2024-04-21T04:25:50
CUST_00781,35,STUDENT,591,IN,Ahmedabad,2024-07-18T11:30:40
CUST_00782,19,RETAIL,1049,IN,Ahmedabad,2023-04-17T21:38:51
CUST_00783,38,RETAIL,453,IN,Jaipur,2024-12-03T23:59:04
CUST_00784,40,STUDENT,831,IN,Kolkata,2023-11-21T08:34:00
CUST_00785,40,SALARIED,829,IN,Surat,2023-11-23T11:28:40
CUST_00786,45,RETAIL,144,IN,Surat,2025-10-08T20:35:00
CUST_00787,43,RETAIL,958,IN,Pune,2023-07-17T15:10:01
CUST_00788,39,PREMIUM,1065,IN,Mumbai,2023-04-01T03:15:36
CUST_00789,33,STUDENT,933,IN,Ahmedabad,2023-08-11T00:44:44
CUST_00790,18,RETAIL,805,IN,Mumbai,2023-12-17T03:14:16
CUST_00791,38,STUDENT,367,IN,Delhi,2025-02-27T15:21:30
CUST_00792,36,RETAIL,395,IN,Bengaluru,2025-01-30T23:52:10
CUST_00793,36,STUDENT,852,IN,Bengaluru,2023-10-31T11:14:22
CUST_00794,19,PREMIUM,451,IN,Kolkata,2024-12-05T10:49:06
CUST_00795,22,RETAIL,683,IN,Kolkata,2024-04-17T07:25:17
CUST_00796,45,PREMIUM,907,IN,Bengaluru,2023-09-06T00:04:54
CUST_00797,33,STUDENT,770,IN,Hyderabad,2024-01-21T19:42:12
CUST_00798,41,SALARIED,880,IN,Delhi,2023-10-03T01:40:59
CUST_00799,34,SALARIED,68,IN,Kolkata,2025-12-23T20:55:10
CUST_00800,34,PREMIUM,655,IN,Delhi,2024-05-15T00:32:49
CUST_00801,44,RETAIL,340,IN,Jaipur,2025-03-26T17:28:48
CUST_00802,28,SALARIED,987,IN,Delhi,2023-06-18T05:07:46
CUST_00803,35,RETAIL,439,IN,Kolkata,2024-12-17T17:43:02
CUST_00804,28,RETAIL,288,IN,Chennai,2025-05-17T03:49:54
CUST_00805,29,RETAIL,320,IN,Mumbai,2025-04-15T15:55:38
CUST_00806,30,PREMIUM,1043,IN,Bengaluru,2023-04-23T08:16:11
CUST_00807,36,RETAIL,609,IN,Mumbai,2024-06-30T23:17:22
CUST_00808,28,RETAIL,1134,IN,Jaipur,2023-01-22T23:35:21
CUST_00809,47,SME,609,IN,Pune,2024-06-30T08:29:11
CUST_00810,24,STUDENT,754,IN,Pune,2024-02-06T12:16:03
CUST_00811,31,SME,555,IN,Kolkata,2024-08-23T12:17:34
CUST_00812,29,STUDENT,794,IN,Mumbai,2023-12-28T13:08:53
CUST_00813,49,PREMIUM,887,IN,Delhi,2023-09-26T00:06:03
CUST_00814,36,RETAIL,316,IN,Hyderabad,2025-04-19T07:42:15
CUST_00815,45,RETAIL,1038,IN,Hyderabad,2023-04-28T07:33:17
CUST_00816,18,RETAIL,724,IN,Mumbai,2024-03-07T23:19:36
CUST_00817,36,SME,731,IN,Surat,2024-02-29T02:31:45
CUST_00818,43,PREMIUM,231,IN,Ahmedabad,2025-07-13T12:32:00
CUST_00819,34,SME,270,IN,Surat,2025-06-04T00:35:41
CUST_00820,45,RETAIL,358,IN,Jaipur,2025-03-08T07:03:23
CUST_00821,28,RETAIL,1084,IN,Jaipur,2023-03-13T21:40:06
CUST_00822,49,SME,1021,IN,Bengaluru,2023-05-15T18:02:31
CUST_00823,59,PREMIUM,1172,IN,Delhi,2022-12-15T16:44:46
CUST_00824,30,SALARIED,248,IN,Mumbai,2025-06-26T20:32:14
CUST_00825,29,RETAIL,733,IN,Hyderabad,2024-02-27T11:10:42
CUST_00826,49,STUDENT,1040,IN,Delhi,2023-04-26T02:52:17
CUST_00827,51,SALARIED,1072,IN,Pune,2023-03-25T21:09:15
CUST_00828,28,SALARIED,197,IN,Kolkata,2025-08-16T03:38:35
CUST_00829,29,STUDENT,959,IN,Bengaluru,2023-07-16T16:45:43
CUST_00830,30,RETAIL,293,IN,Surat,2025-05-12T21:38:12
CUST_00831,19,SALARIED,302,IN,Pune,2025-05-03T05:36:51
CUST_00832,23,SME,68,IN,Jaipur,2025-12-23T14:56:22
CUST_00833,22,RETAIL,859,IN,Pune,2023-10-24T10:39:10
CUST_00834,25,SALARIED,323,IN,Surat,2025-04-12T07:17:21
CUST_00835,33,RETAIL,874,IN,Ahmedabad,2023-10-09T23:25:05
CUST_00836,36,RETAIL,672,IN,Ahmedabad,2024-04-28T16:28:16
CUST_00837,51,RETAIL,645,IN,Mumbai,2024-05-25T19:12:17
CUST_00838,23,PREMIUM,697,IN,Chennai,2024-04-03T07:15:52
CUST_00839,44,SME,1044,IN,Ahmedabad,2023-04-22T03:06:46
CUST_00840,31,RETAIL,836,IN,Delhi,2023-11-16T22:08:38
CUST_00841,33,SALARIED,496,IN,Hyderabad,2024-10-21T00:00:08
CUST_00842,41,STUDENT,172,IN,Kolkata,2025-09-10T18:05:28
CUST_00843,21,RETAIL,391,IN,Pune,2025-02-03T23:24:34
CUST_00844,38,RETAIL,1034,IN,Kolkata,2023-05-02T12:11:34
CUST_00845,35,RETAIL,644,IN,Hyderabad,2024-05-26T14:15:00
CUST_00846,39,STUDENT,1187,IN,Pune,2022-11-30T11:53:51
CUST_00847,37,SALARIED,175,IN,Delhi,2025-09-07T01:40:30
CUST_00848,61,PREMIUM,969,IN,Delhi,2023-07-06T01:29:41
CUST_00849,26,RETAIL,465,IN,Pune,2024-11-21T00:18:59
CUST_00850,28,STUDENT,273,IN,Delhi,2025-06-01T02:09:05
CUST_00851,27,RETAIL,939,IN,Mumbai,2023-08-05T02:06:49
CUST_00852,27,RETAIL,1035,IN,Jaipur,2023-05-01T18:56:52
CUST_00853,26,STUDENT,953,IN,Kolkata,2023-07-22T19:19:13
CUST_00854,47,RETAIL,308,IN,Chennai,2025-04-27T16:34:28
CUST_00855,49,STUDENT,418,IN,Bengaluru,2025-01-07T03:12:35
CUST_00856,27,SALARIED,847,IN,Ahmedabad,2023-11-05T15:19:18
CUST_00857,24,RETAIL,310,IN,Ahmedabad,2025-04-25T20:54:52
CUST_00858,39,STUDENT,1108,IN,Surat,2023-02-17T16:58:22
CUST_00859,27,SME,1047,IN,Bengaluru,2023-04-19T15:15:12
CUST_00860,40,SALARIED,435,IN,Kolkata,2024-12-21T11:29:18
CUST_00861,36,RETAIL,321,IN,Jaipur,2025-04-14T20:39:55
CUST_00862,18,RETAIL,105,IN,Jaipur,2025-11-16T11:24:07
CUST_00863,51,SALARIED,1150,IN,Surat,2023-01-06T08:55:26
CUST_00864,53,PREMIUM,319,IN,Bengaluru,2025-04-16T17:17:02
CUST_00865,27,RETAIL,433,IN,Pune,2024-12-23T23:24:31
CUST_00866,29,RETAIL,328,IN,Delhi,2025-04-07T05:46:18
CUST_00867,37,RETAIL,590,IN,Jaipur,2024-07-19T22:54:52
CUST_00868,37,RETAIL,1179,IN,Mumbai,2022-12-08T18:32:17
CUST_00869,41,RETAIL,159,IN,Chennai,2025-09-23T07:02:09
CUST_00870,56,STUDENT,976,IN,Pune,2023-06-29T19:23:28
CUST_00871,32,PREMIUM,786,IN,Hyderabad,2024-01-05T04:25:27
CUST_00872,25,STUDENT,156,IN,Delhi,2025-09-26T16:57:47
CUST_00873,18,RETAIL,505,IN,Hyderabad,2024-10-12T19:21:24
CUST_00874,25,PREMIUM,633,IN,Kolkata,2024-06-06T19:13:20
CUST_00875,33,RETAIL,587,IN,Delhi,2024-07-22T15:35:18
CUST_00876,53,RETAIL,235,IN,Delhi,2025-07-09T15:16:32
CUST_00877,28,PREMIUM,209,IN,Hyderabad,2025-08-04T03:13:42
CUST_00878,36,STUDENT,1112,IN,Delhi,2023-02-13T04:49:33
CUST_00879,33,RETAIL,953,IN,Hyderabad,2023-07-22T11:58:21
CUST_00880,47,RETAIL,320,IN,Jaipur,2025-04-15T06:52:16
CUST_00881,61,RETAIL,739,IN,Pune,2024-02-21T03:54:36
CUST_00882,28,SALARIED,364,IN,Bengaluru,2025-03-02T16:42:59
CUST_00883,28,RETAIL,520,IN,Bengaluru,2024-09-27T11:53:09
CUST_00884,45,RETAIL,692,IN,Ahmedabad,2024-04-08T05:07:08
CUST_00885,41,RETAIL,779,IN,Chennai,2024-01-12T01:23:04
CUST_00886,54,PREMIUM,267,IN,Kolkata,2025-06-07T22:49:39
CUST_00887,40,RETAIL,1153,IN,Kolkata,2023-01-03T06:21:03
CUST_00888,30,PREMIUM,326,IN,Jaipur,2025-04-09T15:59:16
CUST_00889,40,STUDENT,323,IN,Chennai,2025-04-12T19:35:23
CUST_00890,46,RETAIL,823,IN,Surat,2023-11-29T01:10:44
CUST_00891,43,RETAIL,1002,IN,Ahmedabad,2023-06-03T18:31:37
CUST_00892,39,PREMIUM,629,IN,Hyderabad,2024-06-10T10:26:14
CUST_00893,45,RETAIL,243,IN,Pune,2025-07-01T14:33:10
CUST_00894,46,SALARIED,227,IN,Bengaluru,2025-07-17T21:13:44
CUST_00895,49,RETAIL,182,IN,Jaipur,2025-08-31T21:12:41
CUST_00896,41,SALARIED,86,IN,Delhi,2025-12-05T10:16:27
CUST_00897,32,PREMIUM,1119,IN,Jaipur,2023-02-06T02:16:03
CUST_00898,35,STUDENT,895,IN,Mumbai,2023-09-18T23:20:47
CUST_00899,47,STUDENT,1159,IN,Jaipur,2022-12-28T00:37:44
CUST_00900,25,STUDENT,151,IN,Jaipur,2025-10-01T04:31:49
CUST_00901,38,SALARIED,423,IN,Delhi,2025-01-02T21:36:06
CUST_00902,29,PREMIUM,169,IN,Delhi,2025-09-13T10:28:35
CUST_00903,34,RETAIL,296,IN,Hyderabad,2025-05-09T13:01:16
CUST_00904,48,SALARIED,306,IN,Chennai,2025-04-29T14:40:29
CUST_00905,36,RETAIL,69,IN,Kolkata,2025-12-22T00:19:23
CUST_00906,34,RETAIL,689,IN,Mumbai,2024-04-11T03:27:07
CUST_00907,19,SALARIED,1064,IN,Surat,2023-04-02T22:37:59
CUST_00908,42,PREMIUM,676,IN,Pune,2024-04-24T12:53:59
CUST_00909,41,SALARIED,446,IN,Bengaluru,2024-12-10T11:37:59
CUST_00910,57,RETAIL,469,IN,Delhi,2024-11-17T21:26:27
CUST_00911,30,RETAIL,1063,IN,Chennai,2023-04-03T23:50:10
CUST_00912,36,RETAIL,874,IN,Kolkata,2023-10-09T12:40:36
CUST_00913,36,SALARIED,1163,IN,Ahmedabad,2022-12-24T15:53:31
CUST_00914,51,RETAIL,789,IN,Pune,2024-01-02T00:32:59
CUST_00915,32,SALARIED,471,IN,Mumbai,2024-11-15T20:47:41
CUST_00916,37,RETAIL,927,IN,Mumbai,2023-08-17T00:38:02
CUST_00917,40,RETAIL,472,IN,Bengaluru,2024-11-14T08:17:42
CUST_00918,36,RETAIL,1191,IN,Delhi,2022-11-26T08:08:16
CUST_00919,29,RETAIL,883,IN,Kolkata,2023-09-30T07:13:00
CUST_00920,36,RETAIL,285,IN,Pune,2025-05-20T23:51:50
CUST_00921,45,PREMIUM,549,IN,Pune,2024-08-29T22:16:06
CUST_00922,22,RETAIL,81,IN,Chennai,2025-12-10T10:29:41
CUST_00923,35,PREMIUM,943,IN,Jaipur,2023-08-01T16:20:50
CUST_00924,26,RETAIL,640,IN,Hyderabad,2024-05-30T20:04:43
CUST_00925,47,STUDENT,943,IN,Bengaluru,2023-08-01T17:29:14
CUST_00926,18,STUDENT,1093,IN,Surat,2023-03-04T04:48:47
CUST_00927,27,STUDENT,369,IN,Kolkata,2025-02-25T16:52:51
CUST_00928,38,RETAIL,458,IN,Surat,2024-11-28T19:32:58
CUST_00929,51,RETAIL,169,IN,Chennai,2025-09-13T11:33:26
CUST_00930,33,STUDENT,538,IN,Ahmedabad,2024-09-09T16:38:32
CUST_00931,27,RETAIL,939,IN,Bengaluru,2023-08-05T03:56:40
CUST_00932,54,RETAIL,639,IN,Hyderabad,2024-05-31T12:14:33
CUST_00933,18,RETAIL,162,IN,Mumbai,2025-09-20T18:57:59
CUST_00934,18,STUDENT,723,IN,Chennai,2024-03-08T17:41:29
CUST_00935,38,SALARIED,271,IN,Ahmedabad,2025-06-03T10:48:43
CUST_00936,28,RETAIL,688,IN,Mumbai,2024-04-12T20:53:17
CUST_00937,22,STUDENT,331,IN,Pune,2025-04-04T13:36:12
CUST_00938,41,STUDENT,1148,IN,Chennai,2023-01-08T04:36:44
CUST_00939,36,RETAIL,851,IN,Delhi,2023-11-01T21:03:53
CUST_00940,27,STUDENT,311,IN,Hyderabad,2025-04-24T22:22:01
CUST_00941,19,RETAIL,977,IN,Surat,2023-06-28T20:55:25
CUST_00942,43,RETAIL,1036,IN,Delhi,2023-04-30T17:25:13
CUST_00943,41,RETAIL,457,IN,Chennai,2024-11-29T10:24:14
CUST_00944,32,SALARIED,776,IN,Bengaluru,2024-01-15T12:31:19
CUST_00945,54,SALARIED,203,IN,Jaipur,2025-08-10T08:33:26
CUST_00946,22,SALARIED,406,IN,Delhi,2025-01-19T04:42:15
CUST_00947,18,RETAIL,189,IN,Kolkata,2025-08-24T01:47:12
CUST_00948,26,PREMIUM,1155,IN,Ahmedabad,2023-01-01T07:55:49
CUST_00949,33,SALARIED,851,IN,Kolkata,2023-11-01T06:10:35
CUST_00950,36,STUDENT,488,IN,Surat,2024-10-29T18:59:49
CUST_00951,31,RETAIL,83,IN,Jaipur,2025-12-08T07:30:27
CUST_00952,37,RETAIL,516,IN,Jaipur,2024-10-01T14:14:42
CUST_00953,20,RETAIL,523,IN,Chennai,2024-09-24T22:25:44
CUST_00954,49,RETAIL,368,IN,Chennai,2025-02-26T15:00:51
CUST_00955,33,SALARIED,170,IN,Hyderabad,2025-09-12T03:44:07
CUST_00956,46,PREMIUM,67,IN,Surat,2025-12-24T03:37:19
CUST_00957,37,SME,729,IN,Jaipur,2024-03-02T21:14:03
CUST_00958,39,RETAIL,338,IN,Chennai,2025-03-28T10:02:20
CUST_00959,40,RETAIL,182,IN,Pune,2025-08-31T03:07:59
CUST_00960,38,RETAIL,637,IN,Jaipur,2024-06-02T18:43:58
CUST_00961,41,STUDENT,282,IN,Kolkata,2025-05-23T00:12:15
CUST_00962,48,SALARIED,592,IN,Jaipur,2024-07-17T03:19:21
CUST_00963,36,RETAIL,970,IN,Hyderabad,2023-07-05T16:39:42
CUST_00964,41,PREMIUM,874,IN,Kolkata,2023-10-09T19:31:45
CUST_00965,33,RETAIL,1046,IN,Ahmedabad,2023-04-20T21:28:48
CUST_00966,49,RETAIL,425,IN,Delhi,2024-12-31T17:23:28
CUST_00967,26,STUDENT,108,IN,Delhi,2025-11-13T14:49:03
CUST_00968,53,SALARIED,449,IN,Kolkata,2024-12-07T21:50:55
CUST_00969,33,RETAIL,889,IN,Delhi,2023-09-24T20:13:26
CUST_00970,18,STUDENT,89,IN,Kolkata,2025-12-02T04:53:35
CUST_00971,35,RETAIL,92,IN,Delhi,2025-11-29T03:00:57
CUST_00972,26,RETAIL,236,IN,Surat,2025-07-08T15:50:19
CUST_00973,43,RETAIL,84,IN,Pune,2025-12-07T20:25:12
CUST_00974,26,SALARIED,239,IN,Surat,2025-07-05T17:51:29
CUST_00975,29,SALARIED,399,IN,Delhi,2025-01-26T14:38:29
CUST_00976,18,RETAIL,1178,IN,Jaipur,2022-12-09T01:42:19
CUST_00977,29,RETAIL,156,IN,Bengaluru,2025-09-26T20:25:41
CUST_00978,18,PREMIUM,915,IN,Hyderabad,2023-08-29T19:59:01
CUST_00979,18,RETAIL,939,IN,Chennai,2023-08-05T11:50:37
CUST_00980,42,RETAIL,852,IN,Bengaluru,2023-10-31T02:03:14
CUST_00981,42,PREMIUM,290,IN,Pune,2025-05-15T16:53:41
CUST_00982,38,RETAIL,748,IN,Bengaluru,2024-02-12T20:36:00
CUST_00983,23,SALARIED,374,IN,Pune,2025-02-20T18:32:26
CUST_00984,33,PREMIUM,935,IN,Chennai,2023-08-09T19:02:17
CUST_00985,33,STUDENT,652,IN,Chennai,2024-05-18T12:03:53
CUST_00986,21,SALARIED,820,IN,Bengaluru,2023-12-02T15:08:01
CUST_00987,50,SALARIED,369,IN,Delhi,2025-02-25T03:50:39
CUST_00988,43,RETAIL,1044,IN,Kolkata,2023-04-22T21:52:23
CUST_00989,31,SME,635,IN,Delhi,2024-06-04T19:54:39
CUST_00990,34,RETAIL,853,IN,Kolkata,2023-10-30T12:39:28
CUST_00991,36,PREMIUM,912,IN,Pune,2023-09-01T04:09:19
CUST_00992,18,RETAIL,568,IN,Ahmedabad,2024-08-10T11:33:24
CUST_00993,31,PREMIUM,1073,IN,Hyderabad,2023-03-24T06:25:07
CUST_00994,26,RETAIL,928,IN,Hyderabad,2023-08-16T07:23:10
CUST_00995,22,STUDENT,546,IN,Mumbai,2024-09-01T12:59:46
CUST_00996,30,RETAIL,1035,IN,Mumbai,2023-05-01T19:01:52
CUST_00997,53,SALARIED,804,IN,Delhi,2023-12-18T19:41:30
CUST_00998,41,SALARIED,1194,IN,Hyderabad,2022-11-23T10:44:46
CUST_00999,27,RETAIL,347,IN,Delhi,2025-03-19T20:15:14
CUST_01000,40,RETAIL,118,IN,Mumbai,2025-11-03T01:32:36
CUST_01001,49,STUDENT,216,IN,Delhi,2025-07-28T08:06:21
CUST_01002,44,RETAIL,813,IN,Bengaluru,2023-12-09T19:54:44
CUST_01003,34,RETAIL,917,IN,Ahmedabad,2023-08-27T19:11:48
CUST_01004,26,STUDENT,1145,IN,Kolkata,2023-01-11T01:40:29
CUST_01005,41,STUDENT,974,IN,Chennai,2023-07-01T03:15:59
CUST_01006,38,RETAIL,187,IN,Delhi,2025-08-26T03:57:21
CUST_01007,43,PREMIUM,87,IN,Ahmedabad,2025-12-04T11:06:32
CUST_01008,40,PREMIUM,593,IN,Hyderabad,2024-07-16T05:27:40
CUST_01009,45,RETAIL,386,IN,Kolkata,2025-02-08T15:54:26
CUST_01010,28,SME,321,IN,Surat,2025-04-14T00:46:34
CUST_01011,48,RETAIL,868,IN,Jaipur,2023-10-15T18:07:12
CUST_01012,36,STUDENT,223,IN,Pune,2025-07-21T01:30:29
CUST_01013,56,STUDENT,894,IN,Pune,2023-09-19T11:49:56
CUST_01014,26,STUDENT,463,IN,Bengaluru,2024-11-23T15:53:53
CUST_01015,53,RETAIL,752,IN,Delhi,2024-02-08T23:44:41
CUST_01016,36,PREMIUM,198,IN,Chennai,2025-08-15T17:21:59
CUST_01017,26,RETAIL,478,IN,Hyderabad,2024-11-08T03:00:57
CUST_01018,28,RETAIL,156,IN,Mumbai,2025-09-26T05:09:29
CUST_01019,30,RETAIL,255,IN,Chennai,2025-06-19T14:59:37
CUST_01020,38,SME,1089,IN,Kolkata,2023-03-08T17:39:11
CUST_01021,39,STUDENT,330,IN,Pune,2025-04-05T01:16:53
CUST_01022,27,RETAIL,1096,IN,Delhi,2023-03-01T20:27:08
CUST_01023,33,RETAIL,847,IN,Mumbai,2023-11-05T08:22:04
CUST_01024,57,RETAIL,375,IN,Bengaluru,2025-02-19T02:30:54
CUST_01025,53,SME,539,IN,Delhi,2024-09-08T17:08:16
CUST_01026,38,SALARIED,394,IN,Surat,2025-01-31T07:26:13
CUST_01027,34,STUDENT,764,IN,Pune,2024-01-27T09:09:51
CUST_01028,35,RETAIL,947,IN,Kolkata,2023-07-28T22:02:14
CUST_01029,40,RETAIL,218,IN,Ahmedabad,2025-07-26T19:23:19
CUST_01030,22,RETAIL,95,IN,Chennai,2025-11-26T19:10:04
CUST_01031,31,PREMIUM,243,IN,Pune,2025-07-01T08:53:30
CUST_01032,18,RETAIL,670,IN,Surat,2024-04-30T18:55:42
CUST_01033,38,RETAIL,247,IN,Ahmedabad,2025-06-27T21:48:14
CUST_01034,41,RETAIL,1034,IN,Ahmedabad,2023-05-02T15:11:03
CUST_01035,28,STUDENT,352,IN,Mumbai,2025-03-14T20:23:28
CUST_01036,51,RETAIL,652,IN,Surat,2024-05-18T11:33:05
CUST_01037,20,SALARIED,329,IN,Surat,2025-04-06T09:36:27
CUST_01038,18,SME,830,IN,Jaipur,2023-11-22T21:16:33
CUST_01039,36,PREMIUM,152,IN,Hyderabad,2025-09-30T04:18:56
CUST_01040,45,STUDENT,81,IN,Chennai,2025-12-10T19:05:53
CUST_01041,52,RETAIL,882,IN,Ahmedabad,2023-10-01T21:45:35
CUST_01042,28,STUDENT,779,IN,Jaipur,2024-01-12T09:30:18
CUST_01043,45,SALARIED,1017,IN,Bengaluru,2023-05-19T20:54:48
CUST_01044,33,SALARIED,877,IN,Pune,2023-10-06T10:47:34
CUST_01045,32,RETAIL,766,IN,Ahmedabad,2024-01-25T04:28:46
CUST_01046,43,RETAIL,995,IN,Ahmedabad,2023-06-10T22:25:50
CUST_01047,41,RETAIL,502,IN,Surat,2024-10-15T13:23:57
CUST_01048,18,SALARIED,192,IN,Ahmedabad,2025-08-21T12:09:32
CUST_01049,50,RETAIL,498,IN,Kolkata,2024-10-19T23:11:16
CUST_01050,49,RETAIL,425,IN,Chennai,2024-12-31T21:50:55
CUST_01051,27,RETAIL,675,IN,Kolkata,2024-04-25T01:31:04
CUST_01052,38,PREMIUM,596,IN,Bengaluru,2024-07-13T18:06:56
CUST_01053,39,SALARIED,942,IN,Delhi,2023-08-02T13:11:40
CUST_01054,36,RETAIL,923,IN,Delhi,2023-08-21T08:29:25
CUST_01055,27,SME,959,IN,Surat,2023-07-16T12:01:15
CUST_01056,26,RETAIL,85,IN,Surat,2025-12-06T06:09:02
CUST_01057,33,RETAIL,361,IN,Pune,2025-03-05T13:17:07
CUST_01058,46,RETAIL,1004,IN,Pune,2023-06-01T19:28:04
CUST_01059,39,RETAIL,897,IN,Mumbai,2023-09-16T15:26:13
CUST_01060,29,SME,322,IN,Surat,2025-04-13T03:31:19
CUST_01061,42,RETAIL,512,IN,Jaipur,2024-10-05T00:47:33
CUST_01062,18,SALARIED,838,IN,Hyderabad,2023-11-14T17:37:46
CUST_01063,46,SME,94,IN,Mumbai,2025-11-27T12:07:36
CUST_01064,18,RETAIL,693,IN,Bengaluru,2024-04-07T07:07:04
CUST_01065,30,STUDENT,998,IN,Pune,2023-06-07T10:33:37
CUST_01066,21,SALARIED,937,IN,Bengaluru,2023-08-07T07:11:38
CUST_01067,19,SALARIED,1004,IN,Jaipur,2023-06-01T10:36:48
CUST_01068,46,PREMIUM,1176,IN,Kolkata,2022-12-11T10:35:41
CUST_01069,28,STUDENT,268,IN,Bengaluru,2025-06-06T21:08:06
CUST_01070,37,RETAIL,98,IN,Bengaluru,2025-11-23T04:00:33
CUST_01071,33,PREMIUM,1180,IN,Jaipur,2022-12-07T20:19:31
CUST_01072,39,PREMIUM,131,IN,Kolkata,2025-10-21T02:41:05
CUST_01073,34,RETAIL,996,IN,Hyderabad,2023-06-09T06:35:52
CUST_01074,19,SALARIED,319,IN,Ahmedabad,2025-04-16T12:09:01
CUST_01075,44,RETAIL,875,IN,Hyderabad,2023-10-08T23:36:09
CUST_01076,28,PREMIUM,613,IN,Kolkata,2024-06-26T02:43:40
CUST_01077,18,STUDENT,73,IN,Mumbai,2025-12-18T10:57:59
CUST_01078,29,RETAIL,831,IN,Surat,2023-11-21T07:07:12
CUST_01079,50,RETAIL,414,IN,Jaipur,2025-01-11T05:32:44
CUST_01080,43,SME,459,IN,Mumbai,2024-11-27T04:18:34
CUST_01081,30,SALARIED,943,IN,Delhi,2023-08-01T19:19:35
CUST_01082,30,RETAIL,716,IN,Hyderabad,2024-03-15T07:49:32
CUST_01083,30,RETAIL,323,IN,Surat,2025-04-12T07:52:19
CUST_01084,56,SALARIED,597,IN,Hyderabad,2024-07-12T06:49:39
CUST_01085,38,RETAIL,117,IN,Surat,2025-11-04T10:59:19
CUST_01086,38,RETAIL,1178,IN,Mumbai,2022-12-09T21:23:35
CUST_01087,45,STUDENT,332,IN,Pune,2025-04-03T09:19:19
CUST_01088,36,RETAIL,519,IN,Hyderabad,2024-09-28T14:47:25
CUST_01089,31,STUDENT,839,IN,Chennai,2023-11-13T15:17:56
CUST_01090,31,RETAIL,359,IN,Surat,2025-03-07T03:58:19
CUST_01091,33,SALARIED,292,IN,Bengaluru,2025-05-13T09:00:21
CUST_01092,33,RETAIL,643,IN,Bengaluru,2024-05-27T15:02:48
CUST_01093,42,RETAIL,805,IN,Ahmedabad,2023-12-17T17:34:53
CUST_01094,34,SALARIED,912,IN,Bengaluru,2023-09-01T21:28:19
CUST_01095,42,RETAIL,924,IN,Ahmedabad,2023-08-20T11:03:39
CUST_01096,33,SALARIED,433,IN,Delhi,2024-12-23T14:59:02
CUST_01097,34,STUDENT,129,IN,Ahmedabad,2025-10-23T20:38:37
CUST_01098,18,SME,1184,IN,Chennai,2022-12-03T23:49:26
CUST_01099,44,SALARIED,459,IN,Mumbai,2024-11-27T04:58:25
CUST_01100,37,PREMIUM,377,IN,Bengaluru,2025-02-17T17:04:36
CUST_01101,44,SALARIED,125,IN,Bengaluru,2025-10-27T13:51:45
CUST_01102,18,STUDENT,324,IN,Hyderabad,2025-04-11T15:42:29
CUST_01103,56,SME,778,IN,Chennai,2024-01-13T01:24:18
CUST_01104,32,PREMIUM,1080,IN,Hyderabad,2023-03-17T10:27:34
CUST_01105,46,RETAIL,470,IN,Chennai,2024-11-16T02:05:03
CUST_01106,22,SME,275,IN,Surat,2025-05-30T05:09:10
CUST_01107,40,RETAIL,486,IN,Ahmedabad,2024-10-31T00:28:32
CUST_01108,22,RETAIL,621,IN,Surat,2024-06-18T13:20:53
CUST_01109,27,RETAIL,474,IN,Bengaluru,2024-11-12T05:37:36
CUST_01110,55,RETAIL,134,IN,Kolkata,2025-10-18T07:43:22
CUST_01111,31,RETAIL,1151,IN,Bengaluru,2023-01-05T12:34:58
CUST_01112,36,RETAIL,725,IN,Pune,2024-03-06T10:09:48
CUST_01113,43,RETAIL,505,IN,Delhi,2024-10-12T02:36:36
CUST_01114,39,SALARIED,315,IN,Mumbai,2025-04-20T23:39:15
CUST_01115,35,STUDENT,502,IN,Pune,2024-10-15T09:23:09
CUST_01116,38,SALARIED,200,IN,Hyderabad,2025-08-13T11:41:21
CUST_01117,60,PREMIUM,275,IN,Surat,2025-05-30T06:42:14
CUST_01118,33,SALARIED,218,IN,Kolkata,2025-07-26T05:02:18
CUST_01119,36,STUDENT,956,IN,Hyderabad,2023-07-19T13:07:39
CUST_01120,45,RETAIL,1076,IN,Kolkata,2023-03-21T08:57:42
CUST_01121,46,RETAIL,992,IN,Surat,2023-06-13T18:21:39
CUST_01122,47,RETAIL,108,IN,Surat,2025-11-13T14:58:18
CUST_01123,41,SME,1010,IN,Kolkata,2023-05-26T14:51:06
CUST_01124,21,RETAIL,1157,IN,Mumbai,2022-12-30T07:57:38
CUST_01125,51,RETAIL,259,IN,Chennai,2025-06-15T10:13:40
CUST_01126,21,RETAIL,773,IN,Pune,2024-01-18T11:54:24
CUST_01127,37,PREMIUM,161,IN,Ahmedabad,2025-09-21T11:40:15
CUST_01128,25,PREMIUM,313,IN,Mumbai,2025-04-22T12:20:53
CUST_01129,33,RETAIL,86,IN,Kolkata,2025-12-05T19:53:39
CUST_01130,37,RETAIL,245,IN,Pune,2025-06-29T17:13:02
CUST_01131,37,SALARIED,1165,IN,Mumbai,2022-12-22T23:00:15
CUST_01132,38,RETAIL,153,IN,Bengaluru,2025-09-29T20:56:40
CUST_01133,51,RETAIL,842,IN,Delhi,2023-11-10T15:15:49
CUST_01134,38,PREMIUM,310,IN,Delhi,2025-04-25T19:39:04
CUST_01135,31,SALARIED,911,IN,Bengaluru,2023-09-02T03:31:17
CUST_01136,44,PREMIUM,557,IN,Ahmedabad,2024-08-21T05:29:17
CUST_01137,47,SME,724,IN,Bengaluru,2024-03-07T00:29:45
CUST_01138,20,RETAIL,671,IN,Jaipur,2024-04-29T01:54:37
CUST_01139,40,SALARIED,561,IN,Hyderabad,2024-08-17T02:18:12
CUST_01140,41,STUDENT,218,IN,Mumbai,2025-07-26T08:56:46
CUST_01141,30,STUDENT,1023,IN,Bengaluru,2023-05-13T11:47:28
CUST_01142,49,RETAIL,1145,IN,Chennai,2023-01-11T07:05:39
CUST_01143,32,STUDENT,380,IN,Delhi,2025-02-14T07:53:01
CUST_01144,35,RETAIL,809,IN,Surat,2023-12-13T11:31:04
CUST_01145,32,PREMIUM,884,IN,Kolkata,2023-09-29T17:55:42
CUST_01146,34,RETAIL,694,IN,Delhi,2024-04-06T05:18:53
CUST_01147,21,PREMIUM,284,IN,Mumbai,2025-05-21T00:52:44
CUST_01148,18,SALARIED,448,IN,Jaipur,2024-12-08T15:58:29
CUST_01149,51,PREMIUM,608,IN,Bengaluru,2024-07-01T20:00:24
CUST_01150,24,RETAIL,499,IN,Kolkata,2024-10-18T19:34:27
CUST_01151,23,PREMIUM,173,IN,Bengaluru,2025-09-09T09:42:36
CUST_01152,18,RETAIL,848,IN,Hyderabad,2023-11-04T00:00:32
CUST_01153,26,RETAIL,889,IN,Jaipur,2023-09-24T18:21:42
CUST_01154,19,STUDENT,1127,IN,Mumbai,2023-01-29T10:53:16
CUST_01155,52,STUDENT,292,IN,Mumbai,2025-05-13T16:52:56
CUST_01156,45,PREMIUM,553,IN,Chennai,2024-08-25T21:25:53
CUST_01157,26,RETAIL,893,IN,Hyderabad,2023-09-20T11:34:53
CUST_01158,58,STUDENT,614,IN,Hyderabad,2024-06-25T08:46:49
CUST_01159,44,RETAIL,654,IN,Mumbai,2024-05-16T01:21:41
CUST_01160,30,RETAIL,1095,IN,Chennai,2023-03-02T01:20:29
CUST_01161,18,SALARIED,553,IN,Bengaluru,2024-08-25T18:39:16
CUST_01162,59,RETAIL,745,IN,Ahmedabad,2024-02-15T09:50:59
CUST_01163,18,RETAIL,107,IN,Bengaluru,2025-11-14T18:43:03
CUST_01164,18,RETAIL,84,IN,Surat,2025-12-07T04:37:29
CUST_01165,45,RETAIL,571,IN,Mumbai,2024-08-07T08:52:57
CUST_01166,60,PREMIUM,660,IN,Delhi,2024-05-10T16:26:27
CUST_01167,49,SALARIED,257,IN,Pune,2025-06-17T20:40:08
CUST_01168,40,PREMIUM,783,IN,Ahmedabad,2024-01-08T06:43:17
CUST_01169,40,RETAIL,1004,IN,Chennai,2023-06-01T23:07:37
CUST_01170,43,STUDENT,1125,IN,Surat,2023-01-31T02:05:04
CUST_01171,42,PREMIUM,617,IN,Mumbai,2024-06-22T02:26:13
CUST_01172,37,RETAIL,905,IN,Pune,2023-09-08T16:17:50
CUST_01173,35,PREMIUM,565,IN,Kolkata,2024-08-13T05:12:15
CUST_01174,33,RETAIL,247,IN,Bengaluru,2025-06-27T17:01:35
CUST_01175,25,SME,1180,IN,Delhi,2022-12-07T09:03:26
CUST_01176,30,RETAIL,779,IN,Kolkata,2024-01-12T13:34:22
CUST_01177,18,SALARIED,630,IN,Surat,2024-06-09T14:47:57
CUST_01178,32,PREMIUM,768,IN,Ahmedabad,2024-01-23T04:52:32
CUST_01179,23,PREMIUM,775,IN,Ahmedabad,2024-01-16T14:52:59
CUST_01180,21,SALARIED,366,IN,Jaipur,2025-02-28T09:16:50
CUST_01181,35,SME,398,IN,Bengaluru,2025-01-27T14:28:41
CUST_01182,49,SALARIED,96,IN,Chennai,2025-11-25T09:57:46
CUST_01183,44,SALARIED,317,IN,Mumbai,2025-04-18T22:28:40
CUST_01184,18,RETAIL,66,IN,Pune,2025-12-25T22:43:51
CUST_01185,23,SALARIED,1093,IN,Delhi,2023-03-04T02:10:24
CUST_01186,44,SME,619,IN,Kolkata,2024-06-20T19:13:47
CUST_01187,23,PREMIUM,230,IN,Ahmedabad,2025-07-14T14:45:57
CUST_01188,31,SALARIED,574,IN,Kolkata,2024-08-04T02:19:35
CUST_01189,40,RETAIL,265,IN,Surat,2025-06-09T15:01:40
CUST_01190,23,RETAIL,957,IN,Surat,2023-07-18T02:03:39
CUST_01191,35,RETAIL,473,IN,Jaipur,2024-11-13T15:51:33
CUST_01192,19,RETAIL,689,IN,Ahmedabad,2024-04-11T21:40:23
CUST_01193,27,PREMIUM,834,IN,Jaipur,2023-11-18T10:53:51
CUST_01194,37,RETAIL,706,IN,Pune,2024-03-25T07:00:16
CUST_01195,18,PREMIUM,940,IN,Ahmedabad,2023-08-04T09:33:33
CUST_01196,38,RETAIL,119,IN,Delhi,2025-11-02T10:54:11
CUST_01197,33,STUDENT,684,IN,Pune,2024-04-16T16:22:27
CUST_01198,40,RETAIL,1177,IN,Mumbai,2022-12-10T05:03:41
CUST_01199,36,SALARIED,869,IN,Mumbai,2023-10-14T19:34:17
CUST_01200,49,PREMIUM,1125,IN,Bengaluru,2023-01-31T09:06:56
CUST_01201,35,RETAIL,284,IN,Chennai,2025-05-21T13:21:53
CUST_01202,29,PREMIUM,743,IN,Surat,2024-02-17T22:52:12
CUST_01203,35,STUDENT,173,IN,Delhi,2025-09-09T01:46:26
CUST_01204,39,PREMIUM,1079,IN,Delhi,2023-03-18T19:45:02
CUST_01205,34,RETAIL,701,IN,Ahmedabad,2024-03-30T00:00:59
CUST_01206,34,STUDENT,476,IN,Delhi,2024-11-10T20:55:59
CUST_01207,26,STUDENT,312,IN,Hyderabad,2025-04-23T07:53:44
CUST_01208,26,RETAIL,115,IN,Mumbai,2025-11-06T07:31:34
CUST_01209,18,SALARIED,679,IN,Hyderabad,2024-04-21T11:29:48
CUST_01210,53,SALARIED,1184,IN,Ahmedabad,2022-12-03T15:07:20
CUST_01211,20,SALARIED,317,IN,Mumbai,2025-04-18T10:50:19
CUST_01212,26,RETAIL,557,IN,Jaipur,2024-08-21T18:27:12
CUST_01213,26,RETAIL,1048,IN,Bengaluru,2023-04-18T14:41:17
CUST_01214,43,SME,1074,IN,Kolkata,2023-03-23T12:17:42
CUST_01215,30,RETAIL,284,IN,Kolkata,2025-05-21T09:33:07
CUST_01216,47,RETAIL,645,IN,Kolkata,2024-05-25T09:52:23
CUST_01217,26,RETAIL,685,IN,Surat,2024-04-15T22:18:18
CUST_01218,37,RETAIL,791,IN,Ahmedabad,2023-12-31T19:30:03
CUST_01219,24,RETAIL,389,IN,Jaipur,2025-02-05T12:27:05
CUST_01220,57,RETAIL,1140,IN,Delhi,2023-01-16T11:27:55
CUST_01221,20,STUDENT,785,IN,Pune,2024-01-06T03:13:23
CUST_01222,37,PREMIUM,351,IN,Chennai,2025-03-15T15:09:11
CUST_01223,40,SALARIED,204,IN,Ahmedabad,2025-08-09T03:29:35
CUST_01224,38,STUDENT,434,IN,Jaipur,2024-12-22T05:14:00
CUST_01225,31,SALARIED,1141,IN,Pune,2023-01-15T15:51:15
CUST_01226,32,PREMIUM,777,IN,Kolkata,2024-01-14T05:20:06
CUST_01227,34,RETAIL,125,IN,Bengaluru,2025-10-27T00:49:45
CUST_01228,32,STUDENT,1087,IN,Hyderabad,2023-03-10T02:29:39
CUST_01229,44,SME,549,IN,Delhi,2024-08-29T20:02:03
CUST_01230,58,STUDENT,851,IN,Mumbai,2023-11-01T10:00:55
CUST_01231,27,STUDENT,299,IN,Bengaluru,2025-05-06T22:05:12
CUST_01232,18,RETAIL,831,IN,Mumbai,2023-11-21T04:19:06
CUST_01233,33,SALARIED,722,IN,Kolkata,2024-03-09T20:15:31
CUST_01234,62,RETAIL,474,IN,Ahmedabad,2024-11-12T17:43:28
CUST_01235,25,STUDENT,526,IN,Kolkata,2024-09-21T17:12:49
CUST_01236,52,SALARIED,458,IN,Bengaluru,2024-11-28T21:22:58
CUST_01237,52,RETAIL,352,IN,Kolkata,2025-03-14T23:36:10
CUST_01238,27,PREMIUM,212,IN,Jaipur,2025-08-01T13:48:16
CUST_01239,40,PREMIUM,489,IN,Jaipur,2024-10-28T05:07:29
CUST_01240,51,RETAIL,347,IN,Kolkata,2025-03-19T21:31:32
CUST_01241,29,SALARIED,225,IN,Chennai,2025-07-19T19:09:26
CUST_01242,31,RETAIL,1086,IN,Jaipur,2023-03-11T16:56:21
CUST_01243,27,RETAIL,523,IN,Chennai,2024-09-24T14:00:06
CUST_01244,22,RETAIL,797,IN,Delhi,2023-12-25T21:04:04
CUST_01245,26,SME,218,IN,Jaipur,2025-07-26T06:23:44
CUST_01246,20,SALARIED,1089,IN,Mumbai,2023-03-08T14:34:20
CUST_01247,34,PREMIUM,292,IN,Chennai,2025-05-13T05:29:00
CUST_01248,25,STUDENT,131,IN,Hyderabad,2025-10-21T13:33:43
CUST_01249,36,RETAIL,186,IN,Pune,2025-08-27T19:46:24
CUST_01250,18,SALARIED,192,IN,Surat,2025-08-21T16:28:55
CUST_01251,37,SALARIED,137,IN,Surat,2025-10-15T12:55:33
CUST_01252,43,STUDENT,230,IN,Chennai,2025-07-14T06:29:51
CUST_01253,18,STUDENT,278,IN,Hyderabad,2025-05-27T22:28:27
CUST_01254,38,STUDENT,948,IN,Hyderabad,2023-07-27T08:40:09
CUST_01255,47,RETAIL,178,IN,Hyderabad,2025-09-04T23:10:09
CUST_01256,20,PREMIUM,841,IN,Mumbai,2023-11-11T02:16:12
CUST_01257,52,PREMIUM,171,IN,Delhi,2025-09-11T11:10:35
CUST_01258,38,RETAIL,939,IN,Ahmedabad,2023-08-05T06:51:52
CUST_01259,26,RETAIL,818,IN,Kolkata,2023-12-04T12:47:38
CUST_01260,33,SALARIED,552,IN,Mumbai,2024-08-26T16:54:22
CUST_01261,40,RETAIL,1163,IN,Mumbai,2022-12-24T05:57:08
CUST_01262,34,SALARIED,576,IN,Delhi,2024-08-02T22:55:56
CUST_01263,39,RETAIL,643,IN,Surat,2024-05-27T22:39:37
CUST_01264,23,STUDENT,565,IN,Kolkata,2024-08-13T14:51:21
CUST_01265,35,PREMIUM,315,IN,Chennai,2025-04-20T02:55:55
CUST_01266,18,SALARIED,486,IN,Pune,2024-10-31T08:14:12
CUST_01267,32,SALARIED,516,IN,Pune,2024-10-01T09:14:40
CUST_01268,24,SALARIED,664,IN,Chennai,2024-05-06T03:44:26
CUST_01269,25,RETAIL,1173,IN,Pune,2022-12-14T07:53:56
CUST_01270,47,SALARIED,1060,IN,Delhi,2023-04-06T15:54:46
CUST_01271,46,SALARIED,1131,IN,Jaipur,2023-01-25T16:40:12
CUST_01272,40,RETAIL,827,IN,Delhi,2023-11-25T00:07:09
CUST_01273,21,RETAIL,546,IN,Ahmedabad,2024-09-01T01:31:18
CUST_01274,30,SME,108,IN,Chennai,2025-11-13T08:06:57
CUST_01275,47,RETAIL,851,IN,Mumbai,2023-11-01T14:07:54
CUST_01276,35,RETAIL,851,IN,Kolkata,2023-11-01T08:58:04
CUST_01277,59,RETAIL,155,IN,Delhi,2025-09-27T16:46:35
CUST_01278,38,STUDENT,1155,IN,Mumbai,2023-01-01T22:17:40
CUST_01279,36,PREMIUM,777,IN,Pune,2024-01-14T23:01:21
CUST_01280,30,SALARIED,602,IN,Mumbai,2024-07-07T05:46:11
CUST_01281,35,RETAIL,953,IN,Mumbai,2023-07-22T10:09:13
CUST_01282,32,SALARIED,1198,IN,Chennai,2022-11-19T11:13:00
CUST_01283,41,SALARIED,1160,IN,Surat,2022-12-27T09:32:23
CUST_01284,44,SALARIED,597,IN,Hyderabad,2024-07-12T18:35:30
CUST_01285,25,RETAIL,96,IN,Chennai,2025-11-25T15:08:16
CUST_01286,19,RETAIL,576,IN,Surat,2024-08-02T06:41:38
CUST_01287,18,RETAIL,626,IN,Chennai,2024-06-13T12:42:17
CUST_01288,39,SALARIED,90,IN,Pune,2025-12-01T20:40:23
CUST_01289,21,SALARIED,431,IN,Ahmedabad,2024-12-25T09:30:58
CUST_01290,18,RETAIL,140,IN,Jaipur,2025-10-12T12:29:19
CUST_01291,38,RETAIL,184,IN,Surat,2025-08-29T05:54:42
CUST_01292,61,PREMIUM,196,IN,Chennai,2025-08-17T09:48:43
CUST_01293,33,RETAIL,1078,IN,Delhi,2023-03-19T19:45:19
CUST_01294,43,RETAIL,166,IN,Mumbai,2025-09-16T16:52:18
CUST_01295,34,RETAIL,1102,IN,Mumbai,2023-02-23T09:22:39
CUST_01296,32,PREMIUM,531,IN,Chennai,2024-09-16T22:14:43
CUST_01297,44,RETAIL,788,IN,Surat,2024-01-03T06:14:57
CUST_01298,30,RETAIL,288,IN,Bengaluru,2025-05-17T21:27:31
CUST_01299,36,PREMIUM,550,IN,Pune,2024-08-28T17:39:23
CUST_01300,37,SALARIED,916,IN,Chennai,2023-08-28T21:18:32
CUST_01301,26,RETAIL,733,IN,Pune,2024-02-27T04:09:36
CUST_01302,44,SME,832,IN,Mumbai,2023-11-20T08:41:20
CUST_01303,32,RETAIL,156,IN,Surat,2025-09-26T14:00:50
CUST_01304,25,RETAIL,498,IN,Jaipur,2024-10-19T13:27:14
CUST_01305,39,SALARIED,769,IN,Surat,2024-01-22T17:35:06
CUST_01306,24,RETAIL,372,IN,Bengaluru,2025-02-22T11:11:18
CUST_01307,34,SME,524,IN,Jaipur,2024-09-23T05:27:23
CUST_01308,33,STUDENT,1168,IN,Jaipur,2022-12-19T00:52:05
CUST_01309,45,SALARIED,1032,IN,Ahmedabad,2023-05-04T02:26:26
CUST_01310,39,RETAIL,464,IN,Hyderabad,2024-11-22T05:41:01
CUST_01311,33,RETAIL,806,IN,Bengaluru,2023-12-16T16:30:39
CUST_01312,42,STUDENT,976,IN,Pune,2023-06-29T00:03:33
CUST_01313,49,RETAIL,1100,IN,Ahmedabad,2023-02-25T21:01:36
CUST_01314,40,STUDENT,984,IN,Delhi,2023-06-21T10:45:23
CUST_01315,34,SALARIED,566,IN,Delhi,2024-08-12T10:16:22
CUST_01316,19,STUDENT,652,IN,Bengaluru,2024-05-18T13:39:52
CUST_01317,22,RETAIL,1099,IN,Hyderabad,2023-02-26T19:23:28
CUST_01318,30,SALARIED,994,IN,Kolkata,2023-06-11T23:49:52
CUST_01319,27,RETAIL,1200,IN,Bengaluru,2022-11-17T01:00:29
CUST_01320,31,RETAIL,134,IN,Delhi,2025-10-18T10:58:15
CUST_01321,34,SME,336,IN,Kolkata,2025-03-30T07:04:26
CUST_01322,39,SALARIED,790,IN,Jaipur,2024-01-01T19:34:15
CUST_01323,33,RETAIL,665,IN,Pune,2024-05-05T20:38:02
CUST_01324,39,PREMIUM,285,IN,Pune,2025-05-20T00:57:55
CUST_01325,34,SALARIED,902,IN,Kolkata,2023-09-11T03:31:12
CUST_01326,18,RETAIL,1042,IN,Delhi,2023-04-24T01:51:13
CUST_01327,23,STUDENT,1108,IN,Mumbai,2023-02-17T21:50:02
CUST_01328,32,PREMIUM,822,IN,Kolkata,2023-11-30T02:18:30
CUST_01329,20,RETAIL,426,IN,Chennai,2024-12-30T07:13:22
CUST_01330,40,SALARIED,263,IN,Pune,2025-06-11T16:40:28
CUST_01331,50,RETAIL,1125,IN,Kolkata,2023-01-31T07:22:27
CUST_01332,47,RETAIL,851,IN,Delhi,2023-11-01T13:11:48
CUST_01333,31,RETAIL,496,IN,Surat,2024-10-21T10:26:42
CUST_01334,50,SALARIED,708,IN,Delhi,2024-03-23T20:37:41
CUST_01335,35,RETAIL,625,IN,Delhi,2024-06-14T08:31:45
CUST_01336,30,RETAIL,596,IN,Hyderabad,2024-07-13T04:11:53
CUST_01337,27,STUDENT,353,IN,Jaipur,2025-03-13T20:46:24
CUST_01338,30,SALARIED,121,IN,Jaipur,2025-10-31T04:02:57
CUST_01339,29,PREMIUM,464,IN,Mumbai,2024-11-22T23:28:06
CUST_01340,35,RETAIL,642,IN,Ahmedabad,2024-05-28T05:32:13
CUST_01341,35,PREMIUM,994,IN,Bengaluru,2023-06-11T14:01:52
CUST_01342,34,RETAIL,950,IN,Delhi,2023-07-25T08:43:54
CUST_01343,38,SME,303,IN,Hyderabad,2025-05-02T12:08:54
CUST_01344,47,STUDENT,734,IN,Chennai,2024-02-26T18:27:38
CUST_01345,44,PREMIUM,1115,IN,Pune,2023-02-10T02:10:55
CUST_01346,18,SALARIED,143,IN,Jaipur,2025-10-09T10:53:00
CUST_01347,18,RETAIL,137,IN,Hyderabad,2025-10-15T03:19:59
CUST_01348,44,RETAIL,835,IN,Chennai,2023-11-17T16:16:47
CUST_01349,18,PREMIUM,1057,IN,Chennai,2023-04-09T18:13:28
CUST_01350,31,RETAIL,246,IN,Hyderabad,2025-06-28T07:05:13
CUST_01351,21,RETAIL,202,IN,Hyderabad,2025-08-11T08:24:20
CUST_01352,18,STUDENT,144,IN,Surat,2025-10-08T10:15:43
CUST_01353,39,RETAIL,545,IN,Jaipur,2024-09-02T03:37:29
CUST_01354,42,STUDENT,433,IN,Chennai,2024-12-23T14:06:45
CUST_01355,27,STUDENT,1068,IN,Pune,2023-03-29T03:34:21
CUST_01356,18,PREMIUM,670,IN,Chennai,2024-04-30T20:45:52
CUST_01357,27,RETAIL,980,IN,Kolkata,2023-06-25T13:44:17
CUST_01358,38,RETAIL,1016,IN,Pune,2023-05-20T13:17:52
CUST_01359,18,STUDENT,327,IN,Ahmedabad,2025-04-08T08:06:08
CUST_01360,36,STUDENT,545,IN,Jaipur,2024-09-02T23:41:42
CUST_01361,33,RETAIL,902,IN,Pune,2023-09-11T22:24:10
CUST_01362,40,RETAIL,715,IN,Ahmedabad,2024-03-16T10:34:08
CUST_01363,35,RETAIL,598,IN,Hyderabad,2024-07-11T22:42:28
CUST_01364,23,RETAIL,158,IN,Hyderabad,2025-09-24T14:31:33
CUST_01365,47,PREMIUM,406,IN,Bengaluru,2025-01-19T06:46:10
CUST_01366,32,SALARIED,740,IN,Mumbai,2024-02-20T19:21:25
CUST_01367,33,SME,108,IN,Pune,2025-11-13T11:54:10
CUST_01368,23,SALARIED,1197,IN,Jaipur,2022-11-20T21:18:56
CUST_01369,29,RETAIL,1161,IN,Jaipur,2022-12-26T17:49:06
CUST_01370,24,RETAIL,534,IN,Pune,2024-09-13T14:08:49
CUST_01371,32,RETAIL,506,IN,Mumbai,2024-10-11T06:13:44
CUST_01372,52,RETAIL,106,IN,Kolkata,2025-11-15T07:53:27
CUST_01373,18,SALARIED,151,IN,Mumbai,2025-10-01T18:41:40
CUST_01374,18,RETAIL,571,IN,Bengaluru,2024-08-07T22:42:12
CUST_01375,50,SALARIED,838,IN,Chennai,2023-11-14T03:34:51
CUST_01376,31,SALARIED,221,IN,Kolkata,2025-07-23T21:27:13
CUST_01377,26,RETAIL,1174,IN,Bengaluru,2022-12-13T04:01:50
CUST_01378,45,STUDENT,866,IN,Chennai,2023-10-17T17:06:21
CUST_01379,27,SALARIED,935,IN,Chennai,2023-08-09T07:12:58
CUST_01380,54,RETAIL,480,IN,Surat,2024-11-06T20:43:18
CUST_01381,41,PREMIUM,661,IN,Kolkata,2024-05-09T10:54:45
CUST_01382,28,PREMIUM,1054,IN,Jaipur,2023-04-12T14:01:15
CUST_01383,57,PREMIUM,848,IN,Kolkata,2023-11-04T23:28:13
CUST_01384,27,SME,1184,IN,Hyderabad,2022-12-03T01:53:31
CUST_01385,42,PREMIUM,115,IN,Ahmedabad,2025-11-06T11:10:45
CUST_01386,37,RETAIL,288,IN,Delhi,2025-05-17T03:40:38
CUST_01387,48,SALARIED,236,IN,Hyderabad,2025-07-08T20:24:49
CUST_01388,51,SALARIED,1068,IN,Delhi,2023-03-29T05:44:54
CUST_01389,34,RETAIL,1034,IN,Surat,2023-05-02T07:13:06
CUST_01390,25,SALARIED,185,IN,Chennai,2025-08-28T08:43:33
CUST_01391,39,STUDENT,373,IN,Surat,2025-02-21T22:39:15
CUST_01392,26,PREMIUM,76,IN,Jaipur,2025-12-15T15:15:46
CUST_01393,56,SALARIED,1182,IN,Hyderabad,2022-12-05T08:39:18
CUST_01394,35,RETAIL,1054,IN,Bengaluru,2023-04-12T07:24:05
CUST_01395,29,SALARIED,936,IN,Delhi,2023-08-08T01:55:35
CUST_01396,36,SALARIED,396,IN,Delhi,2025-01-29T07:12:52
CUST_01397,19,RETAIL,297,IN,Ahmedabad,2025-05-08T22:03:32
CUST_01398,23,RETAIL,1139,IN,Jaipur,2023-01-17T08:51:12
CUST_01399,47,RETAIL,83,IN,Chennai,2025-12-08T14:52:32
CUST_01400,26,STUDENT,620,IN,Pune,2024-06-19T07:39:20
CUST_01401,22,PREMIUM,404,IN,Hyderabad,2025-01-21T19:41:26
CUST_01402,39,SALARIED,825,IN,Ahmedabad,2023-11-27T07:21:43
CUST_01403,47,PREMIUM,741,IN,Delhi,2024-02-19T00:13:05
CUST_01404,41,RETAIL,1035,IN,Delhi,2023-05-01T23:39:33
CUST_01405,44,RETAIL,202,IN,Hyderabad,2025-08-11T23:40:15
CUST_01406,25,RETAIL,257,IN,Bengaluru,2025-06-17T06:30:38
CUST_01407,18,RETAIL,1024,IN,Pune,2023-05-12T04:49:55
CUST_01408,50,STUDENT,527,IN,Hyderabad,2024-09-20T12:19:59
CUST_01409,30,RETAIL,937,IN,Pune,2023-08-07T05:13:40
CUST_01410,31,STUDENT,890,IN,Hyderabad,2023-09-23T15:24:25
CUST_01411,48,RETAIL,377,IN,Chennai,2025-02-17T20:13:46
CUST_01412,40,RETAIL,274,IN,Surat,2025-05-31T19:08:26
CUST_01413,39,STUDENT,849,IN,Surat,2023-11-03T13:23:10
CUST_01414,57,STUDENT,1034,IN,Hyderabad,2023-05-02T17:49:59
CUST_01415,26,SME,252,IN,Delhi,2025-06-22T04:50:50
CUST_01416,44,PREMIUM,65,IN,Mumbai,2025-12-26T13:55:02
CUST_01417,34,RETAIL,965,IN,Pune,2023-07-10T10:17:29
CUST_01418,36,RETAIL,305,IN,Kolkata,2025-04-30T16:24:34
CUST_01419,50,SALARIED,1036,IN,Jaipur,2023-04-30T12:40:06
CUST_01420,39,RETAIL,225,IN,Delhi,2025-07-19T04:06:46
CUST_01421,39,SALARIED,633,IN,Kolkata,2024-06-06T01:50:06
CUST_01422,45,PREMIUM,1068,IN,Bengaluru,2023-03-29T01:09:43
CUST_01423,29,PREMIUM,956,IN,Mumbai,2023-07-19T03:37:48
CUST_01424,24,SALARIED,1019,IN,Kolkata,2023-05-17T02:37:13
CUST_01425,22,RETAIL,456,IN,Mumbai,2024-11-30T11:36:48
CUST_01426,18,RETAIL,804,IN,Surat,2023-12-18T07:47:59
CUST_01427,56,RETAIL,257,IN,Jaipur,2025-06-17T12:01:43
CUST_01428,21,SALARIED,624,IN,Ahmedabad,2024-06-15T22:18:42
CUST_01429,31,RETAIL,583,IN,Surat,2024-07-26T15:19:56
CUST_01430,30,SALARIED,1029,IN,Ahmedabad,2023-05-07T04:19:30
CUST_01431,37,RETAIL,1182,IN,Mumbai,2022-12-05T20:57:36
CUST_01432,42,STUDENT,378,IN,Delhi,2025-02-16T01:12:48
CUST_01433,43,RETAIL,309,IN,Mumbai,2025-04-26T22:31:19
CUST_01434,27,RETAIL,1179,IN,Surat,2022-12-08T15:05:47
CUST_01435,32,STUDENT,746,IN,Pune,2024-02-14T02:05:02
CUST_01436,37,SALARIED,411,IN,Jaipur,2025-01-14T05:13:36
CUST_01437,31,RETAIL,890,IN,Mumbai,2023-09-23T10:06:17
CUST_01438,51,RETAIL,1092,IN,Bengaluru,2023-03-05T19:13:42
CUST_01439,39,RETAIL,156,IN,Jaipur,2025-09-26T15:21:47
CUST_01440,42,RETAIL,71,IN,Pune,2025-12-20T14:42:24
CUST_01441,41,RETAIL,1019,IN,Bengaluru,2023-05-17T05:06:15
CUST_01442,46,PREMIUM,1013,IN,Bengaluru,2023-05-23T21:52:01
CUST_01443,35,RETAIL,241,IN,Mumbai,2025-07-03T18:39:22
CUST_01444,19,SALARIED,86,IN,Ahmedabad,2025-12-05T17:19:36
CUST_01445,38,RETAIL,570,IN,Hyderabad,2024-08-08T14:06:16
CUST_01446,26,STUDENT,336,IN,Chennai,2025-03-30T14:56:35
CUST_01447,28,RETAIL,352,IN,Hyderabad,2025-03-14T05:39:33
CUST_01448,40,SALARIED,623,IN,Chennai,2024-06-16T17:48:41
CUST_01449,47,STUDENT,606,IN,Surat,2024-07-03T21:28:37
CUST_01450,34,RETAIL,1136,IN,Delhi,2023-01-20T09:06:19
CUST_01451,37,RETAIL,854,IN,Hyderabad,2023-10-29T19:25:23
CUST_01452,52,SME,953,IN,Chennai,2023-07-22T12:18:08
CUST_01453,36,RETAIL,1096,IN,Chennai,2023-03-01T06:06:12
CUST_01454,62,RETAIL,496,IN,Chennai,2024-10-21T15:46:30
CUST_01455,40,RETAIL,301,IN,Delhi,2025-05-04T07:17:19
CUST_01456,18,PREMIUM,1021,IN,Surat,2023-05-15T05:39:36
CUST_01457,42,RETAIL,134,IN,Pune,2025-10-18T13:15:53
CUST_01458,38,SALARIED,81,IN,Pune,2025-12-10T18:33:29
CUST_01459,48,RETAIL,270,IN,Chennai,2025-06-04T18:01:37
CUST_01460,41,RETAIL,1184,IN,Ahmedabad,2022-12-03T18:11:58
CUST_01461,32,SALARIED,999,IN,Kolkata,2023-06-06T05:23:15
CUST_01462,20,STUDENT,1034,IN,Pune,2023-05-02T16:43:13
CUST_01463,31,STUDENT,1053,IN,Mumbai,2023-04-13T02:34:40
CUST_01464,24,SME,544,IN,Kolkata,2024-09-03T07:53:33
CUST_01465,27,SALARIED,885,IN,Jaipur,2023-09-28T05:58:49
CUST_01466,40,RETAIL,680,IN,Hyderabad,2024-04-20T04:15:26
CUST_01467,52,SME,350,IN,Mumbai,2025-03-16T19:17:38
CUST_01468,38,SME,698,IN,Ahmedabad,2024-04-02T19:08:37
CUST_01469,20,RETAIL,1008,IN,Hyderabad,2023-05-28T23:17:50
CUST_01470,38,SALARIED,682,IN,Hyderabad,2024-04-18T14:54:48
CUST_01471,47,SALARIED,959,IN,Delhi,2023-07-16T21:13:44
CUST_01472,27,STUDENT,831,IN,Pune,2023-11-21T23:29:49
CUST_01473,32,RETAIL,1191,IN,Hyderabad,2022-11-26T02:34:15
CUST_01474,34,SALARIED,835,IN,Bengaluru,2023-11-17T09:14:44
CUST_01475,25,RETAIL,716,IN,Pune,2024-03-15T19:34:10
CUST_01476,41,SALARIED,934,IN,Bengaluru,2023-08-10T04:34:25
CUST_01477,32,RETAIL,120,IN,Delhi,2025-11-01T16:03:21
CUST_01478,38,SALARIED,820,IN,Mumbai,2023-12-02T12:38:27
CUST_01479,24,STUDENT,880,IN,Delhi,2023-10-03T21:18:45
CUST_01480,29,PREMIUM,155,IN,Bengaluru,2025-09-27T17:40:32
CUST_01481,41,RETAIL,433,IN,Chennai,2024-12-23T10:50:41
CUST_01482,29,RETAIL,1049,IN,Delhi,2023-04-17T22:43:33
CUST_01483,52,RETAIL,1124,IN,Bengaluru,2023-02-01T20:30:08
CUST_01484,29,RETAIL,272,IN,Mumbai,2025-06-02T03:04:34
CUST_01485,36,RETAIL,328,IN,Ahmedabad,2025-04-07T05:27:35
CUST_01486,44,RETAIL,887,IN,Chennai,2023-09-26T10:10:56
CUST_01487,18,RETAIL,302,IN,Ahmedabad,2025-05-03T04:08:08
CUST_01488,18,PREMIUM,1034,IN,Jaipur,2023-05-02T01:38:05
CUST_01489,18,SME,293,IN,Kolkata,2025-05-12T18:32:25
CUST_01490,47,SALARIED,228,IN,Surat,2025-07-16T19:59:38
CUST_01491,27,RETAIL,1119,IN,Ahmedabad,2023-02-06T04:13:04
CUST_01492,62,RETAIL,1016,IN,Ahmedabad,2023-05-20T14:57:52
CUST_01493,27,PREMIUM,167,IN,Chennai,2025-09-15T04:16:36
CUST_01494,36,RETAIL,671,IN,Delhi,2024-04-29T23:25:42
CUST_01495,50,RETAIL,919,IN,Chennai,2023-08-25T23:31:39
CUST_01496,56,STUDENT,293,IN,Jaipur,2025-05-12T12:13:57
CUST_01497,56,STUDENT,574,IN,Bengaluru,2024-08-04T18:54:25
CUST_01498,47,RETAIL,361,IN,Chennai,2025-03-05T03:28:32
CUST_01499,45,RETAIL,1003,IN,Jaipur,2023-06-02T01:20:44
CUST_01500,40,PREMIUM,148,IN,Mumbai,2025-10-04T21:39:36
CUST_01501,42,RETAIL,272,IN,Bengaluru,2025-06-02T11:27:13
CUST_01502,27,RETAIL,683,IN,Delhi,2024-04-17T10:34:58
CUST_01503,24,SME,591,IN,Bengaluru,2024-07-18T00:18:12
CUST_01504,33,SALARIED,952,IN,Surat,2023-07-23T20:09:47
CUST_01505,32,RETAIL,685,IN,Hyderabad,2024-04-15T04:27:25
CUST_01506,29,STUDENT,165,IN,Hyderabad,2025-09-17T12:23:29
CUST_01507,41,SALARIED,959,IN,Delhi,2023-07-16T15:12:15
CUST_01508,44,RETAIL,158,IN,Delhi,2025-09-24T04:34:01
CUST_01509,34,STUDENT,623,IN,Mumbai,2024-06-16T23:33:46
CUST_01510,50,SALARIED,330,IN,Surat,2025-04-05T15:42:30
CUST_01511,21,SALARIED,716,IN,Mumbai,2024-03-15T20:45:45
CUST_01512,31,STUDENT,517,IN,Surat,2024-09-30T21:20:41
CUST_01513,26,SALARIED,926,IN,Jaipur,2023-08-18T03:21:38
CUST_01514,18,RETAIL,90,IN,Pune,2025-12-01T13:38:39
CUST_01515,33,SALARIED,375,IN,Ahmedabad,2025-02-19T09:05:12
CUST_01516,32,RETAIL,413,IN,Kolkata,2025-01-12T02:35:43
CUST_01517,50,RETAIL,225,IN,Pune,2025-07-19T03:28:24
CUST_01518,40,RETAIL,1149,IN,Pune,2023-01-07T12:40:41
CUST_01519,22,PREMIUM,1022,IN,Surat,2023-05-14T23:50:20
CUST_01520,54,RETAIL,785,IN,Mumbai,2024-01-06T05:32:33
CUST_01521,47,SALARIED,646,IN,Hyderabad,2024-05-24T06:12:28
CUST_01522,40,RETAIL,1165,IN,Bengaluru,2022-12-22T19:35:21
CUST_01523,31,RETAIL,512,IN,Chennai,2024-10-05T17:52:23
CUST_01524,23,RETAIL,390,IN,Kolkata,2025-02-04T00:34:24
CUST_01525,29,RETAIL,510,IN,Chennai,2024-10-07T10:02:21
CUST_01526,45,RETAIL,808,IN,Pune,2023-12-14T03:53:17
CUST_01527,54,PREMIUM,1155,IN,Kolkata,2023-01-01T11:45:05
CUST_01528,50,PREMIUM,1015,IN,Ahmedabad,2023-05-21T14:07:00
CUST_01529,28,RETAIL,428,IN,Jaipur,2024-12-28T11:41:59
CUST_01530,21,SALARIED,1015,IN,Bengaluru,2023-05-21T03:48:16
CUST_01531,35,RETAIL,921,IN,Mumbai,2023-08-23T10:33:47
CUST_01532,18,STUDENT,348,IN,Bengaluru,2025-03-18T04:20:27
CUST_01533,37,PREMIUM,902,IN,Hyderabad,2023-09-11T23:39:20
CUST_01534,32,RETAIL,1031,IN,Mumbai,2023-05-05T02:54:36
CUST_01535,28,STUDENT,862,IN,Hyderabad,2023-10-21T06:27:04
CUST_01536,18,SALARIED,395,IN,Hyderabad,2025-01-30T09:36:13
CUST_01537,39,RETAIL,474,IN,Bengaluru,2024-11-12T13:51:41
CUST_01538,28,SALARIED,488,IN,Hyderabad,2024-10-29T05:30:30
CUST_01539,21,STUDENT,973,IN,Ahmedabad,2023-07-02T16:09:48
CUST_01540,18,PREMIUM,292,IN,Delhi,2025-05-13T04:06:38
CUST_01541,33,RETAIL,208,IN,Kolkata,2025-08-05T23:12:57
CUST_01542,53,SALARIED,1027,IN,Kolkata,2023-05-09T11:55:09
CUST_01543,52,SME,1165,IN,Surat,2022-12-22T20:14:10
CUST_01544,28,STUDENT,1158,IN,Ahmedabad,2022-12-29T01:58:31
CUST_01545,27,SALARIED,187,IN,Mumbai,2025-08-26T14:08:34
CUST_01546,39,RETAIL,1112,IN,Kolkata,2023-02-13T03:18:31
CUST_01547,23,SALARIED,277,IN,Surat,2025-05-28T19:05:43
CUST_01548,37,SALARIED,293,IN,Kolkata,2025-05-12T00:49:36
CUST_01549,42,STUDENT,355,IN,Hyderabad,2025-03-11T16:09:29
CUST_01550,47,RETAIL,740,IN,Ahmedabad,2024-02-20T03:15:55
CUST_01551,32,SALARIED,1071,IN,Pune,2023-03-26T16:11:43
CUST_01552,31,RETAIL,975,IN,Chennai,2023-06-30T13:09:31
CUST_01553,24,PREMIUM,138,IN,Chennai,2025-10-14T19:50:26
CUST_01554,24,RETAIL,824,IN,Chennai,2023-11-28T05:36:14
CUST_01555,31,RETAIL,389,IN,Ahmedabad,2025-02-05T05:19:40
CUST_01556,38,STUDENT,668,IN,Delhi,2024-05-02T19:12:08
CUST_01557,44,RETAIL,663,IN,Hyderabad,2024-05-07T11:43:19
CUST_01558,25,RETAIL,498,IN,Surat,2024-10-19T05:40:50
CUST_01559,50,RETAIL,810,IN,Jaipur,2023-12-12T00:27:12
CUST_01560,31,RETAIL,413,IN,Surat,2025-01-12T12:18:50
CUST_01561,33,SALARIED,708,IN,Ahmedabad,2024-03-23T07:36:35
CUST_01562,25,STUDENT,1140,IN,Kolkata,2023-01-16T08:48:29
CUST_01563,18,RETAIL,197,IN,Hyderabad,2025-08-16T13:45:40
CUST_01564,43,RETAIL,634,IN,Bengaluru,2024-06-05T04:10:13
CUST_01565,42,STUDENT,795,IN,Mumbai,2023-12-27T08:30:23
CUST_01566,30,SALARIED,1138,IN,Pune,2023-01-18T16:12:47
CUST_01567,34,STUDENT,881,IN,Jaipur,2023-10-02T03:53:38
CUST_01568,39,RETAIL,1198,IN,Jaipur,2022-11-19T06:05:12
CUST_01569,18,SALARIED,179,IN,Hyderabad,2025-09-03T09:23:26
CUST_01570,28,RETAIL,439,IN,Hyderabad,2024-12-17T01:00:18
CUST_01571,42,RETAIL,999,IN,Chennai,2023-06-06T18:57:21
CUST_01572,20,PREMIUM,252,IN,Bengaluru,2025-06-22T00:47:13
CUST_01573,37,SALARIED,336,IN,Hyderabad,2025-03-30T07:40:56
CUST_01574,19,RETAIL,1042,IN,Mumbai,2023-04-24T09:53:25
CUST_01575,39,RETAIL,214,IN,Ahmedabad,2025-07-30T17:29:52
CUST_01576,33,RETAIL,469,IN,Hyderabad,2024-11-17T20:25:22
CUST_01577,18,PREMIUM,679,IN,Kolkata,2024-04-21T05:59:22
CUST_01578,46,SALARIED,293,IN,Hyderabad,2025-05-12T00:03:31
CUST_01579,25,PREMIUM,999,IN,Kolkata,2023-06-06T23:43:11
CUST_01580,25,STUDENT,1073,IN,Jaipur,2023-03-24T03:48:38
CUST_01581,36,PREMIUM,646,IN,Jaipur,2024-05-24T03:40:43
CUST_01582,46,RETAIL,628,IN,Chennai,2024-06-11T02:24:27
CUST_01583,22,STUDENT,293,IN,Pune,2025-05-12T18:28:59
CUST_01584,34,SALARIED,1108,IN,Delhi,2023-02-17T08:28:49
CUST_01585,38,RETAIL,949,IN,Ahmedabad,2023-07-26T02:40:53
CUST_01586,41,RETAIL,1168,IN,Bengaluru,2022-12-19T18:47:10
CUST_01587,35,SALARIED,501,IN,Pune,2024-10-16T14:27:40
CUST_01588,29,SALARIED,1031,IN,Surat,2023-05-05T20:16:40
CUST_01589,24,RETAIL,381,IN,Kolkata,2025-02-13T13:49:47
CUST_01590,34,SALARIED,388,IN,Pune,2025-02-06T04:17:49
CUST_01591,22,SME,1035,IN,Kolkata,2023-05-01T03:21:09
CUST_01592,18,SALARIED,616,IN,Ahmedabad,2024-06-23T16:00:43
CUST_01593,38,SALARIED,686,IN,Pune,2024-04-14T12:50:40
CUST_01594,43,STUDENT,710,IN,Surat,2024-03-21T09:40:32
CUST_01595,18,RETAIL,919,IN,Mumbai,2023-08-25T23:11:34
CUST_01596,22,SME,789,IN,Ahmedabad,2024-01-02T03:08:51
CUST_01597,40,SALARIED,104,IN,Chennai,2025-11-17T01:47:46
CUST_01598,56,RETAIL,829,IN,Kolkata,2023-11-23T23:39:32
CUST_01599,34,RETAIL,473,IN,Ahmedabad,2024-11-13T17:20:27
CUST_01600,25,SALARIED,283,IN,Pune,2025-05-22T21:44:49
CUST_01601,31,STUDENT,1027,IN,Kolkata,2023-05-09T22:10:17
CUST_01602,49,STUDENT,1062,IN,Surat,2023-04-04T16:42:21
CUST_01603,26,RETAIL,272,IN,Chennai,2025-06-02T22:19:38
CUST_01604,25,PREMIUM,962,IN,Delhi,2023-07-13T14:52:29
CUST_01605,28,SALARIED,216,IN,Kolkata,2025-07-28T13:10:13
CUST_01606,23,SALARIED,373,IN,Hyderabad,2025-02-21T05:40:23
CUST_01607,35,PREMIUM,962,IN,Jaipur,2023-07-13T16:39:23
CUST_01608,51,SALARIED,598,IN,Chennai,2024-07-11T06:26:07
CUST_01609,37,STUDENT,352,IN,Pune,2025-03-14T21:04:09
CUST_01610,31,SME,804,IN,Hyderabad,2023-12-18T09:12:03
CUST_01611,30,RETAIL,1024,IN,Pune,2023-05-12T16:30:36
CUST_01612,18,RETAIL,595,IN,Mumbai,2024-07-14T15:21:12
CUST_01613,43,RETAIL,906,IN,Ahmedabad,2023-09-07T10:34:08
CUST_01614,33,SALARIED,1147,IN,Pune,2023-01-09T22:01:27
CUST_01615,32,RETAIL,960,IN,Pune,2023-07-15T22:27:04
CUST_01616,69,SALARIED,1072,IN,Bengaluru,2023-03-25T14:23:38
CUST_01617,37,STUDENT,253,IN,Jaipur,2025-06-21T06:10:52
CUST_01618,25,RETAIL,1116,IN,Ahmedabad,2023-02-09T21:23:00
CUST_01619,29,STUDENT,455,IN,Kolkata,2024-12-01T21:10:16
CUST_01620,46,SALARIED,1018,IN,Delhi,2023-05-18T09:03:03
CUST_01621,35,STUDENT,214,IN,Pune,2025-07-30T18:18:23
CUST_01622,18,PREMIUM,950,IN,Chennai,2023-07-25T23:34:23
CUST_01623,44,RETAIL,863,IN,Pune,2023-10-20T23:59:45
CUST_01624,26,RETAIL,595,IN,Pune,2024-07-14T16:22:16
CUST_01625,54,PREMIUM,475,IN,Surat,2024-11-11T05:00:37
CUST_01626,45,RETAIL,368,IN,Bengaluru,2025-02-26T17:40:48
CUST_01627,29,RETAIL,145,IN,Bengaluru,2025-10-07T19:25:37
CUST_01628,48,RETAIL,710,IN,Hyderabad,2024-03-21T16:17:46
CUST_01629,34,RETAIL,933,IN,Hyderabad,2023-08-11T15:45:00
CUST_01630,43,SALARIED,120,IN,Ahmedabad,2025-11-01T19:03:02
CUST_01631,39,RETAIL,833,IN,Hyderabad,2023-11-19T23:31:04
CUST_01632,24,RETAIL,980,IN,Hyderabad,2023-06-25T09:34:47
CUST_01633,26,SALARIED,320,IN,Surat,2025-04-15T21:48:27
CUST_01634,45,STUDENT,314,IN,Bengaluru,2025-04-21T18:11:46
CUST_01635,30,SALARIED,798,IN,Hyderabad,2023-12-24T00:39:33
CUST_01636,29,RETAIL,250,IN,Chennai,2025-06-24T07:36:29
CUST_01637,23,PREMIUM,1000,IN,Kolkata,2023-06-05T23:59:35
CUST_01638,38,RETAIL,269,IN,Bengaluru,2025-06-05T12:36:40
CUST_01639,56,RETAIL,680,IN,Kolkata,2024-04-20T16:15:54
CUST_01640,22,SALARIED,97,IN,Pune,2025-11-24T15:13:18
CUST_01641,34,RETAIL,574,IN,Delhi,2024-08-04T18:23:59
CUST_01642,49,PREMIUM,352,IN,Mumbai,2025-03-14T01:29:11
CUST_01643,33,RETAIL,494,IN,Pune,2024-10-23T00:17:41
CUST_01644,38,STUDENT,387,IN,Jaipur,2025-02-07T10:48:48
CUST_01645,22,SME,436,IN,Bengaluru,2024-12-20T12:03:00
CUST_01646,38,SALARIED,126,IN,Kolkata,2025-10-26T08:46:40
CUST_01647,31,STUDENT,608,IN,Mumbai,2024-07-01T04:39:58
CUST_01648,44,RETAIL,1028,IN,Delhi,2023-05-08T22:12:04
CUST_01649,47,SALARIED,160,IN,Surat,2025-09-22T06:35:11
CUST_01650,62,STUDENT,412,IN,Pune,2025-01-13T18:53:59
CUST_01651,40,SALARIED,253,IN,Ahmedabad,2025-06-21T10:55:52
CUST_01652,37,PREMIUM,915,IN,Surat,2023-08-29T06:31:51
CUST_01653,36,SALARIED,66,IN,Chennai,2025-12-25T14:29:29
CUST_01654,30,RETAIL,1170,IN,Bengaluru,2022-12-17T12:20:17
CUST_01655,37,PREMIUM,466,IN,Delhi,2024-11-20T19:45:27
CUST_01656,30,SALARIED,357,IN,Bengaluru,2025-03-09T16:17:54
CUST_01657,35,STUDENT,643,IN,Hyderabad,2024-05-27T04:53:44
CUST_01658,48,RETAIL,681,IN,Surat,2024-04-19T13:14:30
CUST_01659,22,PREMIUM,611,IN,Pune,2024-06-28T19:39:32
CUST_01660,46,STUDENT,135,IN,Kolkata,2025-10-17T00:02:08
CUST_01661,48,STUDENT,470,IN,Mumbai,2024-11-16T18:59:50
CUST_01662,32,SALARIED,552,IN,Mumbai,2024-08-26T18:34:39
CUST_01663,18,PREMIUM,1055,IN,Surat,2023-04-11T12:47:19
CUST_01664,27,RETAIL,504,IN,Jaipur,2024-10-13T09:20:43
CUST_01665,48,RETAIL,637,IN,Pune,2024-06-02T03:10:27
CUST_01666,33,RETAIL,446,IN,Ahmedabad,2024-12-10T15:38:08
CUST_01667,23,SALARIED,999,IN,Pune,2023-06-06T02:53:17
CUST_01668,28,SALARIED,603,IN,Kolkata,2024-07-06T21:09:36
CUST_01669,43,STUDENT,1177,IN,Ahmedabad,2022-12-10T19:53:45
CUST_01670,40,SALARIED,311,IN,Delhi,2025-04-24T06:14:41
CUST_01671,31,SALARIED,693,IN,Bengaluru,2024-04-07T09:32:24
CUST_01672,29,SME,1098,IN,Jaipur,2023-02-27T18:34:07
CUST_01673,29,RETAIL,519,IN,Pune,2024-09-28T23:47:13
CUST_01674,23,PREMIUM,375,IN,Jaipur,2025-02-19T05:04:26
CUST_01675,51,RETAIL,1156,IN,Jaipur,2022-12-31T12:25:45
CUST_01676,30,RETAIL,390,IN,Surat,2025-02-04T20:16:49
CUST_01677,47,RETAIL,376,IN,Hyderabad,2025-02-18T06:20:32
CUST_01678,50,RETAIL,885,IN,Jaipur,2023-09-28T14:35:02
CUST_01679,44,SME,1040,IN,Chennai,2023-04-26T09:39:51
CUST_01680,29,RETAIL,579,IN,Chennai,2024-07-30T01:24:17
CUST_01681,38,RETAIL,201,IN,Delhi,2025-08-12T22:11:33
CUST_01682,33,RETAIL,393,IN,Delhi,2025-02-01T16:34:09
CUST_01683,24,STUDENT,865,IN,Pune,2023-10-18T05:47:44
CUST_01684,37,RETAIL,630,IN,Bengaluru,2024-06-09T19:02:34
CUST_01685,21,STUDENT,375,IN,Chennai,2025-02-19T17:31:50
CUST_01686,47,SALARIED,87,IN,Chennai,2025-12-04T03:52:26
CUST_01687,28,PREMIUM,1029,IN,Chennai,2023-05-07T16:17:31
CUST_01688,36,SALARIED,1173,IN,Delhi,2022-12-14T00:20:30
CUST_01689,37,RETAIL,764,IN,Chennai,2024-01-27T15:57:35
CUST_01690,31,RETAIL,1020,IN,Ahmedabad,2023-05-16T10:22:49
CUST_01691,40,SALARIED,525,IN,Surat,2024-09-22T07:53:54
CUST_01692,28,SME,807,IN,Ahmedabad,2023-12-15T16:04:05
CUST_01693,43,SALARIED,950,IN,Bengaluru,2023-07-25T10:56:19
CUST_01694,19,SALARIED,638,IN,Chennai,2024-06-01T00:13:42
CUST_01695,35,STUDENT,738,IN,Chennai,2024-02-22T10:17:06
CUST_01696,55,SME,235,IN,Ahmedabad,2025-07-09T23:53:14
CUST_01697,22,RETAIL,1078,IN,Chennai,2023-03-19T16:22:32
CUST_01698,26,RETAIL,1064,IN,Surat,2023-04-02T06:21:06
CUST_01699,39,RETAIL,1127,IN,Surat,2023-01-29T02:35:57
CUST_01700,35,RETAIL,266,IN,Hyderabad,2025-06-08T05:53:52
CUST_01701,37,RETAIL,928,IN,Mumbai,2023-08-16T11:14:12
CUST_01702,39,RETAIL,966,IN,Jaipur,2023-07-09T09:23:04
CUST_01703,40,RETAIL,881,IN,Kolkata,2023-10-02T03:12:10
CUST_01704,46,STUDENT,117,IN,Mumbai,2025-11-04T17:23:48
CUST_01705,38,STUDENT,738,IN,Kolkata,2024-02-22T20:41:01
CUST_01706,31,SALARIED,1000,IN,Pune,2023-06-05T15:37:07
CUST_01707,41,RETAIL,574,IN,Mumbai,2024-08-04T15:31:09
CUST_01708,54,RETAIL,603,IN,Jaipur,2024-07-06T18:46:24
CUST_01709,32,STUDENT,886,IN,Delhi,2023-09-27T12:10:07
CUST_01710,23,SALARIED,247,IN,Jaipur,2025-06-27T13:37:20
CUST_01711,46,STUDENT,531,IN,Bengaluru,2024-09-16T13:06:40
CUST_01712,32,SALARIED,250,IN,Surat,2025-06-24T03:34:39
CUST_01713,18,PREMIUM,446,IN,Ahmedabad,2024-12-10T11:47:43
CUST_01714,43,RETAIL,961,IN,Delhi,2023-07-14T12:11:49
CUST_01715,28,RETAIL,293,IN,Jaipur,2025-05-12T17:22:40
CUST_01716,33,STUDENT,671,IN,Kolkata,2024-04-29T06:25:48
CUST_01717,37,STUDENT,220,IN,Surat,2025-07-24T17:54:54
CUST_01718,36,SALARIED,893,IN,Pune,2023-09-20T15:50:14
CUST_01719,41,PREMIUM,877,IN,Bengaluru,2023-10-06T19:01:35
CUST_01720,29,SALARIED,666,IN,Pune,2024-05-04T04:23:54
CUST_01721,39,SME,971,IN,Delhi,2023-07-04T22:44:24
CUST_01722,31,STUDENT,625,IN,Hyderabad,2024-06-14T23:28:45
CUST_01723,42,RETAIL,527,IN,Hyderabad,2024-09-20T09:18:08
CUST_01724,40,RETAIL,672,IN,Surat,2024-04-28T16:58:05
CUST_01725,23,PREMIUM,963,IN,Surat,2023-07-12T10:24:24
CUST_01726,45,RETAIL,446,IN,Surat,2024-12-10T07:22:34
CUST_01727,28,SALARIED,857,IN,Pune,2023-10-26T00:43:14
CUST_01728,42,SALARIED,604,IN,Hyderabad,2024-07-05T10:36:36
CUST_01729,38,RETAIL,796,IN,Pune,2023-12-26T21:15:51
CUST_01730,54,SALARIED,570,IN,Bengaluru,2024-08-08T06:22:51
CUST_01731,31,SME,1104,IN,Pune,2023-02-21T01:29:25
CUST_01732,30,RETAIL,531,IN,Jaipur,2024-09-16T00:37:14
CUST_01733,33,SALARIED,523,IN,Mumbai,2024-09-24T09:42:23
CUST_01734,30,PREMIUM,961,IN,Bengaluru,2023-07-14T08:22:32
CUST_01735,42,SME,415,IN,Jaipur,2025-01-10T23:24:31
CUST_01736,18,STUDENT,776,IN,Delhi,2024-01-15T08:04:14
CUST_01737,22,RETAIL,790,IN,Surat,2024-01-01T21:13:42
CUST_01738,22,RETAIL,121,IN,Kolkata,2025-10-31T01:21:28
CUST_01739,44,STUDENT,338,IN,Ahmedabad,2025-03-28T11:46:17
CUST_01740,52,RETAIL,688,IN,Jaipur,2024-04-12T13:45:23
CUST_01741,32,SALARIED,360,IN,Pune,2025-03-06T06:16:22
CUST_01742,32,SALARIED,173,IN,Surat,2025-09-09T01:11:37
CUST_01743,34,RETAIL,210,IN,Kolkata,2025-08-03T04:55:26
CUST_01744,46,STUDENT,463,IN,Delhi,2024-11-23T16:21:10
CUST_01745,23,SALARIED,125,IN,Bengaluru,2025-10-27T03:00:28
CUST_01746,36,RETAIL,257,IN,Kolkata,2025-06-17T11:23:15
CUST_01747,44,SALARIED,845,IN,Pune,2023-11-07T01:29:51
CUST_01748,39,RETAIL,702,IN,Kolkata,2024-03-29T12:48:14
CUST_01749,36,SALARIED,1088,IN,Kolkata,2023-03-09T21:48:43
CUST_01750,45,RETAIL,784,IN,Pune,2024-01-07T03:19:54
CUST_01751,18,PREMIUM,257,IN,Surat,2025-06-17T07:43:58
CUST_01752,41,RETAIL,186,IN,Delhi,2025-08-27T02:36:53
CUST_01753,26,RETAIL,1148,IN,Kolkata,2023-01-08T23:59:39
CUST_01754,18,RETAIL,832,IN,Surat,2023-11-20T21:48:47
CUST_01755,39,PREMIUM,1161,IN,Delhi,2022-12-26T17:37:53
CUST_01756,49,PREMIUM,427,IN,Delhi,2024-12-29T09:14:05
CUST_01757,32,PREMIUM,976,IN,Jaipur,2023-06-29T23:20:57
CUST_01758,44,SALARIED,311,IN,Bengaluru,2025-04-24T14:00:41
CUST_01759,51,RETAIL,434,IN,Bengaluru,2024-12-22T05:26:49
CUST_01760,48,PREMIUM,382,IN,Ahmedabad,2025-02-12T04:01:38
CUST_01761,52,SALARIED,1187,IN,Bengaluru,2022-11-30T11:09:31
CUST_01762,42,STUDENT,199,IN,Delhi,2025-08-14T13:44:36
CUST_01763,34,RETAIL,1070,IN,Mumbai,2023-03-27T17:09:34
CUST_01764,18,RETAIL,1048,IN,Surat,2023-04-18T02:14:11
CUST_01765,31,RETAIL,1129,IN,Pune,2023-01-27T21:17:18
CUST_01766,24,SALARIED,1154,IN,Jaipur,2023-01-02T07:34:11
CUST_01767,57,STUDENT,643,IN,Hyderabad,2024-05-27T13:51:31
CUST_01768,32,RETAIL,938,IN,Bengaluru,2023-08-06T11:32:35
CUST_01769,35,PREMIUM,1071,IN,Ahmedabad,2023-03-26T20:39:24
CUST_01770,40,STUDENT,691,IN,Chennai,2024-04-09T08:09:10
CUST_01771,34,SALARIED,177,IN,Hyderabad,2025-09-05T07:06:57
CUST_01772,52,SALARIED,693,IN,Surat,2024-04-07T05:12:02
CUST_01773,27,PREMIUM,707,IN,Mumbai,2024-03-24T00:56:25
CUST_01774,36,RETAIL,685,IN,Jaipur,2024-04-15T11:47:37
CUST_01775,25,RETAIL,953,IN,Delhi,2023-07-22T00:27:26
CUST_01776,19,PREMIUM,156,IN,Delhi,2025-09-26T17:53:30
CUST_01777,27,SALARIED,720,IN,Ahmedabad,2024-03-11T21:14:46
CUST_01778,33,RETAIL,96,IN,Hyderabad,2025-11-25T22:00:35
CUST_01779,29,SALARIED,303,IN,Hyderabad,2025-05-02T14:59:02
CUST_01780,26,STUDENT,742,IN,Hyderabad,2024-02-18T18:35:07
CUST_01781,18,RETAIL,888,IN,Surat,2023-09-25T22:50:50
CUST_01782,33,RETAIL,593,IN,Chennai,2024-07-16T10:16:23
CUST_01783,18,RETAIL,623,IN,Kolkata,2024-06-16T10:15:59
CUST_01784,42,SALARIED,837,IN,Hyderabad,2023-11-15T15:06:02
CUST_01785,34,SALARIED,1064,IN,Kolkata,2023-04-02T15:21:59
CUST_01786,18,RETAIL,984,IN,Hyderabad,2023-06-21T19:17:15
CUST_01787,30,RETAIL,299,IN,Ahmedabad,2025-05-06T20:49:02
CUST_01788,25,RETAIL,1164,IN,Chennai,2022-12-23T13:49:12
CUST_01789,37,SME,880,IN,Chennai,2023-10-03T14:25:41
CUST_01790,48,SALARIED,600,IN,Kolkata,2024-07-09T20:11:52
CUST_01791,18,SALARIED,478,IN,Ahmedabad,2024-11-08T21:24:05
CUST_01792,35,RETAIL,1126,IN,Bengaluru,2023-01-30T22:29:29
CUST_01793,32,RETAIL,142,IN,Bengaluru,2025-10-10T11:48:54
CUST_01794,41,RETAIL,824,IN,Ahmedabad,2023-11-28T09:12:50
CUST_01795,36,PREMIUM,149,IN,Hyderabad,2025-10-03T02:00:27
CUST_01796,25,SALARIED,716,IN,Delhi,2024-03-15T22:23:59
CUST_01797,30,RETAIL,578,IN,Hyderabad,2024-07-31T18:37:30
CUST_01798,25,SALARIED,180,IN,Chennai,2025-09-02T11:35:50
CUST_01799,45,PREMIUM,526,IN,Pune,2024-09-21T18:19:47
CUST_01800,34,STUDENT,963,IN,Bengaluru,2023-07-12T23:04:31
CUST_01801,54,SALARIED,1147,IN,Delhi,2023-01-09T14:24:49
CUST_01802,33,PREMIUM,715,IN,Bengaluru,2024-03-16T22:52:16
CUST_01803,26,RETAIL,1159,IN,Delhi,2022-12-28T23:20:13
CUST_01804,18,STUDENT,723,IN,Bengaluru,2024-03-08T12:57:50
CUST_01805,18,STUDENT,77,IN,Mumbai,2025-12-14T11:59:23
CUST_01806,18,SALARIED,310,IN,Mumbai,2025-04-25T16:11:19
CUST_01807,36,PREMIUM,216,IN,Ahmedabad,2025-07-28T23:18:07
CUST_01808,39,SALARIED,855,IN,Kolkata,2023-10-28T14:16:20
CUST_01809,18,RETAIL,551,IN,Chennai,2024-08-27T02:28:20
CUST_01810,43,RETAIL,996,IN,Delhi,2023-06-09T08:01:02
CUST_01811,28,PREMIUM,802,IN,Delhi,2023-12-20T16:50:41
CUST_01812,35,SME,860,IN,Pune,2023-10-23T15:03:49
CUST_01813,51,STUDENT,949,IN,Ahmedabad,2023-07-26T14:50:57
CUST_01814,43,RETAIL,1173,IN,Pune,2022-12-14T16:34:51
CUST_01815,31,RETAIL,896,IN,Ahmedabad,2023-09-17T10:03:33
CUST_01816,24,STUDENT,974,IN,Pune,2023-07-01T11:30:36
CUST_01817,18,RETAIL,881,IN,Hyderabad,2023-10-02T19:13:26
CUST_01818,26,RETAIL,456,IN,Surat,2024-11-30T05:47:04
CUST_01819,31,RETAIL,1013,IN,Kolkata,2023-05-23T06:04:11
CUST_01820,23,RETAIL,693,IN,Ahmedabad,2024-04-07T17:34:50
CUST_01821,32,RETAIL,991,IN,Surat,2023-06-14T14:02:06
CUST_01822,34,RETAIL,473,IN,Delhi,2024-11-13T17:38:24
CUST_01823,31,STUDENT,1124,IN,Mumbai,2023-02-01T10:48:31
CUST_01824,26,STUDENT,855,IN,Chennai,2023-10-28T05:17:48
CUST_01825,35,SME,384,IN,Hyderabad,2025-02-10T03:34:23
CUST_01826,38,RETAIL,713,IN,Delhi,2024-03-18T09:44:04
CUST_01827,22,SALARIED,1061,IN,Surat,2023-04-05T13:20:00
CUST_01828,49,PREMIUM,137,IN,Bengaluru,2025-10-15T02:53:09
CUST_01829,32,RETAIL,82,IN,Bengaluru,2025-12-09T22:38:05
CUST_01830,34,RETAIL,795,IN,Hyderabad,2023-12-27T17:12:50
CUST_01831,41,RETAIL,200,IN,Pune,2025-08-13T12:20:01
CUST_01832,36,PREMIUM,979,IN,Delhi,2023-06-26T08:38:14
CUST_01833,44,RETAIL,272,IN,Delhi,2025-06-02T06:49:02
CUST_01834,37,RETAIL,307,IN,Kolkata,2025-04-28T06:01:20
CUST_01835,27,RETAIL,1196,IN,Chennai,2022-11-21T03:29:15
CUST_01836,37,STUDENT,575,IN,Ahmedabad,2024-08-03T20:17:50
CUST_01837,21,RETAIL,145,IN,Ahmedabad,2025-10-07T19:03:35
CUST_01838,35,RETAIL,414,IN,Pune,2025-01-11T23:22:15
CUST_01839,33,SALARIED,437,IN,Ahmedabad,2024-12-19T09:02:58
CUST_01840,31,SALARIED,769,IN,Pune,2024-01-22T13:54:03
CUST_01841,32,RETAIL,341,IN,Kolkata,2025-03-25T04:40:16
CUST_01842,18,SALARIED,292,IN,Pune,2025-05-13T02:47:19
CUST_01843,27,RETAIL,235,IN,Ahmedabad,2025-07-09T12:21:08
CUST_01844,35,RETAIL,920,IN,Chennai,2023-08-24T18:36:05
CUST_01845,35,RETAIL,638,IN,Mumbai,2024-06-01T07:02:01
CUST_01846,22,PREMIUM,406,IN,Chennai,2025-01-19T22:18:44
CUST_01847,47,RETAIL,951,IN,Ahmedabad,2023-07-24T13:57:42
CUST_01848,24,STUDENT,746,IN,Surat,2024-02-14T06:57:51
CUST_01849,44,RETAIL,104,IN,Ahmedabad,2025-11-17T14:35:47
CUST_01850,38,RETAIL,138,IN,Kolkata,2025-10-14T01:16:42
CUST_01851,26,RETAIL,1114,IN,Pune,2023-02-11T10:33:14
CUST_01852,53,RETAIL,774,IN,Hyderabad,2024-01-17T00:43:24
CUST_01853,20,PREMIUM,611,IN,Bengaluru,2024-06-28T21:01:31
CUST_01854,44,SALARIED,717,IN,Mumbai,2024-03-14T07:02:52
CUST_01855,45,SALARIED,284,IN,Pune,2025-05-21T16:55:48
CUST_01856,26,RETAIL,550,IN,Mumbai,2024-08-28T21:04:55
CUST_01857,49,STUDENT,763,IN,Surat,2024-01-28T04:55:50
CUST_01858,31,STUDENT,1008,IN,Bengaluru,2023-05-28T03:04:38
CUST_01859,37,STUDENT,180,IN,Bengaluru,2025-09-02T01:51:47
CUST_01860,36,RETAIL,252,IN,Hyderabad,2025-06-22T23:32:09
CUST_01861,32,RETAIL,227,IN,Jaipur,2025-07-17T11:39:19
CUST_01862,42,RETAIL,469,IN,Delhi,2024-11-17T01:28:21
CUST_01863,42,PREMIUM,190,IN,Mumbai,2025-08-23T09:48:27
CUST_01864,18,RETAIL,469,IN,Jaipur,2024-11-17T15:50:03
CUST_01865,48,PREMIUM,452,IN,Bengaluru,2024-12-04T01:52:15
CUST_01866,18,RETAIL,723,IN,Surat,2024-03-08T16:49:34
CUST_01867,45,RETAIL,909,IN,Hyderabad,2023-09-04T07:19:41
CUST_01868,46,RETAIL,771,IN,Mumbai,2024-01-20T00:44:26
CUST_01869,21,STUDENT,580,IN,Bengaluru,2024-07-29T14:11:49
CUST_01870,29,RETAIL,1076,IN,Mumbai,2023-03-21T12:02:13
CUST_01871,21,STUDENT,945,IN,Ahmedabad,2023-07-30T21:16:11
CUST_01872,31,RETAIL,245,IN,Pune,2025-06-29T13:22:10
CUST_01873,30,STUDENT,199,IN,Pune,2025-08-14T05:43:13
CUST_01874,42,PREMIUM,1048,IN,Ahmedabad,2023-04-18T12:28:40
CUST_01875,48,RETAIL,454,IN,Mumbai,2024-12-02T16:22:49
CUST_01876,49,STUDENT,904,IN,Pune,2023-09-09T09:03:30
CUST_01877,27,SALARIED,890,IN,Ahmedabad,2023-09-23T09:04:02
CUST_01878,31,PREMIUM,355,IN,Kolkata,2025-03-11T00:11:35
CUST_01879,18,SALARIED,350,IN,Delhi,2025-03-16T13:35:04
CUST_01880,25,RETAIL,93,IN,Delhi,2025-11-28T10:09:07
CUST_01881,44,RETAIL,441,IN,Kolkata,2024-12-15T17:53:58
CUST_01882,51,PREMIUM,619,IN,Ahmedabad,2024-06-20T13:47:58
CUST_01883,20,RETAIL,686,IN,Hyderabad,2024-04-14T06:42:45
CUST_01884,27,PREMIUM,1087,IN,Delhi,2023-03-10T10:32:05
CUST_01885,33,PREMIUM,187,IN,Pune,2025-08-26T12:53:55
CUST_01886,37,STUDENT,657,IN,Ahmedabad,2024-05-13T19:44:26
CUST_01887,25,SALARIED,917,IN,Delhi,2023-08-27T08:59:40
CUST_01888,38,RETAIL,701,IN,Surat,2024-03-30T02:20:32
CUST_01889,28,RETAIL,330,IN,Pune,2025-04-05T07:41:38
CUST_01890,33,SALARIED,327,IN,Bengaluru,2025-04-08T12:23:29
CUST_01891,40,RETAIL,822,IN,Pune,2023-11-30T10:44:46
CUST_01892,34,STUDENT,705,IN,Ahmedabad,2024-03-26T03:01:02
CUST_01893,29,SALARIED,762,IN,Hyderabad,2024-01-29T05:09:38
CUST_01894,32,SALARIED,724,IN,Hyderabad,2024-03-07T03:23:01
CUST_01895,33,STUDENT,550,IN,Ahmedabad,2024-08-28T16:28:23
CUST_01896,29,SALARIED,706,IN,Kolkata,2024-03-25T07:03:53
CUST_01897,31,SALARIED,723,IN,Ahmedabad,2024-03-08T21:26:28
CUST_01898,51,STUDENT,609,IN,Hyderabad,2024-06-30T21:31:35
CUST_01899,40,SALARIED,630,IN,Mumbai,2024-06-09T01:50:36
CUST_01900,30,PREMIUM,522,IN,Pune,2024-09-25T03:59:39
CUST_01901,41,SALARIED,1053,IN,Chennai,2023-04-13T06:50:09
CUST_01902,30,SME,1057,IN,Jaipur,2023-04-09T13:21:03
CUST_01903,46,RETAIL,450,IN,Chennai,2024-12-06T04:21:52
CUST_01904,38,STUDENT,464,IN,Chennai,2024-11-22T07:08:27
CUST_01905,32,RETAIL,835,IN,Mumbai,2023-11-17T10:15:07
CUST_01906,38,RETAIL,483,IN,Mumbai,2024-11-03T19:41:58
CUST_01907,18,STUDENT,928,IN,Delhi,2023-08-16T21:36:30
CUST_01908,21,RETAIL,847,IN,Ahmedabad,2023-11-05T06:49:21
CUST_01909,20,SALARIED,285,IN,Hyderabad,2025-05-20T15:30:42
CUST_01910,35,STUDENT,993,IN,Delhi,2023-06-12T14:49:22
CUST_01911,53,RETAIL,99,IN,Pune,2025-11-22T20:56:04
CUST_01912,58,PREMIUM,820,IN,Kolkata,2023-12-02T19:39:06
CUST_01913,41,PREMIUM,954,IN,Delhi,2023-07-21T03:39:34
CUST_01914,39,RETAIL,135,IN,Surat,2025-10-17T03:41:39
CUST_01915,18,SALARIED,145,IN,Delhi,2025-10-07T07:56:13
CUST_01916,28,PREMIUM,204,IN,Jaipur,2025-08-09T19:50:53
CUST_01917,25,RETAIL,546,IN,Pune,2024-09-01T21:11:36
CUST_01918,27,RETAIL,910,IN,Ahmedabad,2023-09-03T13:11:55
CUST_01919,32,RETAIL,192,IN,Kolkata,2025-08-21T07:33:18
CUST_01920,28,STUDENT,1187,IN,Ahmedabad,2022-11-30T21:07:46
CUST_01921,18,RETAIL,599,IN,Jaipur,2024-07-10T16:44:56
CUST_01922,42,RETAIL,526,IN,Hyderabad,2024-09-21T08:57:57
CUST_01923,22,SALARIED,377,IN,Pune,2025-02-17T19:27:39
CUST_01924,36,RETAIL,875,IN,Chennai,2023-10-08T23:27:11
CUST_01925,56,PREMIUM,914,IN,Hyderabad,2023-08-30T06:55:57
CUST_01926,23,PREMIUM,492,IN,Mumbai,2024-10-25T16:22:28
CUST_01927,18,RETAIL,230,IN,Jaipur,2025-07-14T05:03:36
CUST_01928,30,SALARIED,401,IN,Jaipur,2025-01-24T11:46:50
CUST_01929,46,RETAIL,641,IN,Jaipur,2024-05-29T15:24:36
CUST_01930,55,RETAIL,477,IN,Hyderabad,2024-11-09T04:43:38
CUST_01931,20,RETAIL,598,IN,Chennai,2024-07-11T11:52:18
CUST_01932,39,PREMIUM,977,IN,Jaipur,2023-06-28T04:18:17
CUST_01933,28,SALARIED,484,IN,Kolkata,2024-11-02T18:52:57
CUST_01934,32,SALARIED,486,IN,Chennai,2024-10-31T17:11:23
CUST_01935,63,SALARIED,503,IN,Pune,2024-10-14T05:07:40
CUST_01936,18,PREMIUM,535,IN,Chennai,2024-09-12T05:03:03
CUST_01937,36,RETAIL,113,IN,Delhi,2025-11-08T14:59:46
CUST_01938,39,SALARIED,487,IN,Pune,2024-10-30T08:13:35
CUST_01939,45,PREMIUM,865,IN,Ahmedabad,2023-10-18T04:11:49
CUST_01940,35,PREMIUM,649,IN,Bengaluru,2024-05-21T02:05:44
CUST_01941,37,STUDENT,65,IN,Mumbai,2025-12-26T23:20:56
CUST_01942,29,SALARIED,65,IN,Surat,2025-12-26T14:31:35
CUST_01943,36,SME,264,IN,Hyderabad,2025-06-10T22:36:46
CUST_01944,30,SME,828,IN,Mumbai,2023-11-24T21:42:33
CUST_01945,40,RETAIL,136,IN,Chennai,2025-10-16T20:40:50
CUST_01946,29,PREMIUM,484,IN,Mumbai,2024-11-02T20:01:19
CUST_01947,38,SALARIED,1040,IN,Bengaluru,2023-04-26T18:59:52
CUST_01948,33,STUDENT,997,IN,Chennai,2023-06-08T05:15:24
CUST_01949,46,RETAIL,1047,IN,Delhi,2023-04-19T21:13:15
CUST_01950,33,RETAIL,879,IN,Mumbai,2023-10-04T02:35:58
CUST_01951,18,PREMIUM,1018,IN,Surat,2023-05-18T10:48:59
CUST_01952,47,SALARIED,194,IN,Ahmedabad,2025-08-19T15:14:41
CUST_01953,24,RETAIL,612,IN,Hyderabad,2024-06-27T23:17:42
CUST_01954,26,RETAIL,982,IN,Surat,2023-06-23T23:18:57
CUST_01955,27,SALARIED,956,IN,Hyderabad,2023-07-19T06:15:28
CUST_01956,49,STUDENT,161,IN,Surat,2025-09-21T14:36:54
CUST_01957,18,RETAIL,1032,IN,Pune,2023-05-04T06:49:36
CUST_01958,68,STUDENT,1172,IN,Pune,2022-12-15T19:39:12
CUST_01959,45,RETAIL,887,IN,Chennai,2023-09-26T12:30:37
CUST_01960,36,RETAIL,1077,IN,Pune,2023-03-20T02:25:33
CUST_01961,33,SME,242,IN,Delhi,2025-07-02T04:43:03
CUST_01962,37,RETAIL,799,IN,Jaipur,2023-12-23T03:30:31
CUST_01963,39,SALARIED,401,IN,Delhi,2025-01-24T22:38:27
CUST_01964,41,PREMIUM,1171,IN,Delhi,2022-12-16T03:06:12
CUST_01965,40,SALARIED,350,IN,Kolkata,2025-03-16T17:07:15
CUST_01966,34,RETAIL,923,IN,Mumbai,2023-08-21T20:27:25
CUST_01967,31,PREMIUM,73,IN,Delhi,2025-12-18T15:00:24
CUST_01968,32,STUDENT,750,IN,Pune,2024-02-10T08:52:39
CUST_01969,31,PREMIUM,873,IN,Kolkata,2023-10-10T07:17:07
CUST_01970,46,RETAIL,784,IN,Bengaluru,2024-01-07T00:33:15
CUST_01971,40,RETAIL,994,IN,Hyderabad,2023-06-11T19:06:15
CUST_01972,18,STUDENT,1098,IN,Bengaluru,2023-02-27T20:28:50
CUST_01973,41,STUDENT,692,IN,Chennai,2024-04-08T16:11:34
CUST_01974,36,SALARIED,1174,IN,Hyderabad,2022-12-13T03:53:07
CUST_01975,33,RETAIL,128,IN,Delhi,2025-10-24T14:52:46
CUST_01976,29,SALARIED,211,IN,Bengaluru,2025-08-02T21:43:31
CUST_01977,46,RETAIL,797,IN,Surat,2023-12-25T02:34:59
CUST_01978,44,RETAIL,859,IN,Kolkata,2023-10-24T12:46:40
CUST_01979,25,STUDENT,1044,IN,Mumbai,2023-04-22T03:20:22
CUST_01980,38,STUDENT,129,IN,Mumbai,2025-10-23T08:39:37
CUST_01981,23,RETAIL,1034,IN,Bengaluru,2023-05-02T11:11:25
CUST_01982,18,RETAIL,783,IN,Kolkata,2024-01-08T02:28:58
CUST_01983,27,RETAIL,1063,IN,Jaipur,2023-04-03T21:29:43
CUST_01984,43,RETAIL,567,IN,Bengaluru,2024-08-11T00:06:14
CUST_01985,44,PREMIUM,755,IN,Mumbai,2024-02-05T16:21:29
CUST_01986,39,RETAIL,1196,IN,Hyderabad,2022-11-21T01:05:31
CUST_01987,41,STUDENT,259,IN,Surat,2025-06-15T23:16:51
CUST_01988,39,SALARIED,122,IN,Jaipur,2025-10-30T07:31:55
CUST_01989,26,RETAIL,627,IN,Jaipur,2024-06-12T01:23:35
CUST_01990,38,STUDENT,164,IN,Jaipur,2025-09-18T15:22:52
CUST_01991,42,PREMIUM,990,IN,Mumbai,2023-06-15T14:05:49
CUST_01992,42,RETAIL,743,IN,Delhi,2024-02-17T10:52:16
CUST_01993,47,SME,222,IN,Hyderabad,2025-07-22T17:29:28
CUST_01994,41,RETAIL,426,IN,Delhi,2024-12-30T11:57:40
CUST_01995,37,RETAIL,1075,IN,Bengaluru,2023-03-22T16:14:31
CUST_01996,45,RETAIL,350,IN,Surat,2025-03-16T19:12:21
CUST_01997,33,RETAIL,1081,IN,Kolkata,2023-03-16T12:09:15
CUST_01998,24,RETAIL,1140,IN,Jaipur,2023-01-16T01:36:19
CUST_01999,32,RETAIL,1035,IN,Jaipur,2023-05-01T22:42:32
CUST_02000,25,STUDENT,202,IN,Pune,2025-08-11T21:54:43
